screen_y,rows_below_horizon,depth_world_units,pixels_per_world_unit,road_half_width_px,left_edge_px,right_edge_px,camera_right_25_shift_px
97,1,16000.0,0.01,0.9,159.1,160.9,-0.25
98,2,8000.0,0.02,1.8,158.2,161.8,-0.5
99,3,5333.333333333333,0.030000000000000002,2.7,157.3,162.7,-0.7500000000000001
100,4,4000.0,0.04,3.6,156.4,163.6,-1.0
101,5,3200.0,0.05,4.5,155.5,164.5,-1.25
102,6,2666.6666666666665,0.060000000000000005,5.4,154.6,165.4,-1.5000000000000002
103,7,2285.714285714286,0.06999999999999999,6.299999999999999,153.7,166.3,-1.7499999999999998
104,8,2000.0,0.08,7.2,152.8,167.2,-2.0
105,9,1777.7777777777778,0.09,8.1,151.9,168.1,-2.25
106,10,1600.0,0.1,9.0,151.0,169.0,-2.5
107,11,1454.5454545454545,0.11,9.9,150.1,169.9,-2.75
108,12,1333.3333333333333,0.12000000000000001,10.8,149.2,170.8,-3.0000000000000004
109,13,1230.7692307692307,0.13,11.700000000000001,148.3,171.7,-3.25
110,14,1142.857142857143,0.13999999999999999,12.599999999999998,147.4,172.6,-3.4999999999999996
111,15,1066.6666666666667,0.15,13.5,146.5,173.5,-3.75
112,16,1000.0,0.16,14.4,145.6,174.4,-4.0
113,17,941.1764705882352,0.17,15.3,144.7,175.3,-4.25
114,18,888.8888888888889,0.18,16.2,143.8,176.2,-4.5
115,19,842.1052631578947,0.19,17.1,142.9,177.1,-4.75
116,20,800.0,0.2,18.0,142.0,178.0,-5.0
117,21,761.9047619047619,0.21,18.9,141.1,178.9,-5.25
118,22,727.2727272727273,0.22,19.8,140.2,179.8,-5.5
119,23,695.6521739130435,0.22999999999999998,20.7,139.3,180.7,-5.75
120,24,666.6666666666666,0.24000000000000002,21.6,138.4,181.6,-6.000000000000001
121,25,640.0,0.25,22.5,137.5,182.5,-6.25
122,26,615.3846153846154,0.26,23.400000000000002,136.6,183.4,-6.5
123,27,592.5925925925926,0.27,24.3,135.7,184.3,-6.75
124,28,571.4285714285714,0.27999999999999997,25.199999999999996,134.8,185.2,-6.999999999999999
125,29,551.7241379310345,0.29,26.099999999999998,133.9,186.1,-7.249999999999999
126,30,533.3333333333334,0.3,27.0,133.0,187.0,-7.5
127,31,516.1290322580645,0.31,27.9,132.1,187.9,-7.75
128,32,500.0,0.32,28.8,131.2,188.8,-8.0
129,33,484.8484848484849,0.32999999999999996,29.699999999999996,130.3,189.7,-8.249999999999998
130,34,470.5882352941176,0.34,30.6,129.4,190.6,-8.5
131,35,457.14285714285717,0.35,31.499999999999996,128.5,191.5,-8.75
132,36,444.44444444444446,0.36,32.4,127.6,192.4,-9.0
133,37,432.43243243243245,0.37,33.3,126.7,193.3,-9.25
134,38,421.05263157894734,0.38,34.2,125.8,194.2,-9.5
135,39,410.2564102564103,0.38999999999999996,35.099999999999994,124.9,195.1,-9.749999999999998
136,40,400.0,0.4,36.0,124.0,196.0,-10.0
137,41,390.2439024390244,0.41,36.9,123.1,196.9,-10.25
138,42,380.95238095238096,0.42,37.8,122.2,197.8,-10.5
139,43,372.09302325581393,0.43000000000000005,38.7,121.3,198.7,-10.750000000000002
140,44,363.6363636363636,0.44,39.6,120.4,199.6,-11.0
141,45,355.55555555555554,0.45,40.5,119.5,200.5,-11.25
142,46,347.82608695652175,0.45999999999999996,41.4,118.6,201.4,-11.5
143,47,340.4255319148936,0.47000000000000003,42.300000000000004,117.69999999999999,202.3,-11.75
144,48,333.3333333333333,0.48000000000000004,43.2,116.8,203.2,-12.000000000000002
145,49,326.53061224489795,0.49,44.1,115.9,204.1,-12.25
146,50,320.0,0.5,45.0,115.0,205.0,-12.5
147,51,313.72549019607845,0.51,45.9,114.1,205.9,-12.75
148,52,307.6923076923077,0.52,46.800000000000004,113.19999999999999,206.8,-13.0
149,53,301.8867924528302,0.5299999999999999,47.699999999999996,112.30000000000001,207.7,-13.249999999999998
150,54,296.2962962962963,0.54,48.6,111.4,208.6,-13.5
151,55,290.90909090909093,0.5499999999999999,49.49999999999999,110.5,209.5,-13.749999999999998
152,56,285.7142857142857,0.5599999999999999,50.39999999999999,109.60000000000001,210.39999999999998,-13.999999999999998
153,57,280.70175438596493,0.57,51.3,108.7,211.3,-14.249999999999998
154,58,275.86206896551727,0.58,52.199999999999996,107.80000000000001,212.2,-14.499999999999998
155,59,271.1864406779661,0.59,53.099999999999994,106.9,213.1,-14.75
156,60,266.6666666666667,0.6,54.0,106.0,214.0,-15.0
157,61,262.2950819672131,0.6100000000000001,54.900000000000006,105.1,214.9,-15.250000000000002
158,62,258.06451612903226,0.62,55.8,104.2,215.8,-15.5
159,63,253.96825396825398,0.63,56.7,103.3,216.7,-15.75
160,64,250.0,0.64,57.6,102.4,217.6,-16.0
161,65,246.15384615384616,0.65,58.5,101.5,218.5,-16.25
162,66,242.42424242424244,0.6599999999999999,59.39999999999999,100.60000000000001,219.39999999999998,-16.499999999999996
163,67,238.80597014925374,0.6699999999999999,60.3,99.7,220.3,-16.75
164,68,235.2941176470588,0.68,61.2,98.8,221.2,-17.0
165,69,231.8840579710145,0.69,62.099999999999994,97.9,222.1,-17.25
166,70,228.57142857142858,0.7,62.99999999999999,97.0,223.0,-17.5
167,71,225.35211267605635,0.71,63.9,96.1,223.9,-17.75
168,72,222.22222222222223,0.72,64.8,95.2,224.8,-18.0
169,73,219.17808219178082,0.73,65.7,94.3,225.7,-18.25
170,74,216.21621621621622,0.74,66.6,93.4,226.6,-18.5
171,75,213.33333333333334,0.75,67.5,92.5,227.5,-18.75
172,76,210.52631578947367,0.76,68.4,91.6,228.4,-19.0
173,77,207.7922077922078,0.77,69.3,90.7,229.3,-19.25
174,78,205.12820512820514,0.7799999999999999,70.19999999999999,89.80000000000001,230.2,-19.499999999999996
175,79,202.53164556962025,0.79,71.10000000000001,88.89999999999999,231.10000000000002,-19.75
176,80,200.0,0.8,72.0,88.0,232.0,-20.0
177,81,197.53086419753086,0.81,72.9,87.1,232.9,-20.25
178,82,195.1219512195122,0.82,73.8,86.2,233.8,-20.5
179,83,192.7710843373494,0.83,74.7,85.3,234.7,-20.75
180,84,190.47619047619048,0.84,75.6,84.4,235.6,-21.0
181,85,188.23529411764707,0.85,76.5,83.5,236.5,-21.25
182,86,186.04651162790697,0.8600000000000001,77.4,82.6,237.4,-21.500000000000004
183,87,183.90804597701148,0.8700000000000001,78.30000000000001,81.69999999999999,238.3,-21.750000000000004
184,88,181.8181818181818,0.88,79.2,80.8,239.2,-22.0
185,89,179.77528089887642,0.8899999999999999,80.1,79.9,240.1,-22.249999999999996
186,90,177.77777777777777,0.9,81.0,79.0,241.0,-22.5
187,91,175.82417582417582,0.91,81.9,78.1,241.9,-22.75
188,92,173.91304347826087,0.9199999999999999,82.8,77.2,242.8,-23.0
189,93,172.04301075268816,0.93,83.7,76.3,243.7,-23.25
190,94,170.2127659574468,0.9400000000000001,84.60000000000001,75.39999999999999,244.60000000000002,-23.5
191,95,168.42105263157896,0.95,85.5,74.5,245.5,-23.75
192,96,166.66666666666666,0.9600000000000001,86.4,73.6,246.4,-24.000000000000004
193,97,164.94845360824743,0.97,87.3,72.7,247.3,-24.25
194,98,163.26530612244898,0.98,88.2,71.8,248.2,-24.5
195,99,161.6161616161616,0.9900000000000001,89.10000000000001,70.89999999999999,249.10000000000002,-24.750000000000004
196,100,160.0,1.0,90.0,70.0,250.0,-25.0
197,101,158.41584158415841,1.01,90.9,69.1,250.9,-25.25
198,102,156.86274509803923,1.02,91.8,68.2,251.8,-25.5
199,103,155.3398058252427,1.03,92.7,67.3,252.7,-25.75
200,104,153.84615384615384,1.04,93.60000000000001,66.39999999999999,253.60000000000002,-26.0
201,105,152.38095238095238,1.05,94.5,65.5,254.5,-26.25
202,106,150.9433962264151,1.0599999999999998,95.39999999999999,64.60000000000001,255.39999999999998,-26.499999999999996
203,107,149.53271028037383,1.07,96.30000000000001,63.69999999999999,256.3,-26.75
204,108,148.14814814814815,1.08,97.2,62.8,257.2,-27.0
205,109,146.78899082568807,1.09,98.10000000000001,61.89999999999999,258.1,-27.250000000000004
206,110,145.45454545454547,1.0999999999999999,98.99999999999999,61.000000000000014,259.0,-27.499999999999996
207,111,144.14414414414415,1.1099999999999999,99.89999999999999,60.10000000000001,259.9,-27.749999999999996
208,112,142.85714285714286,1.1199999999999999,100.79999999999998,59.20000000000002,260.79999999999995,-27.999999999999996
209,113,141.5929203539823,1.1300000000000001,101.70000000000002,58.29999999999998,261.70000000000005,-28.250000000000004
210,114,140.35087719298247,1.14,102.6,57.400000000000006,262.6,-28.499999999999996
211,115,139.1304347826087,1.1500000000000001,103.50000000000001,56.499999999999986,263.5,-28.750000000000004
212,116,137.93103448275863,1.16,104.39999999999999,55.60000000000001,264.4,-28.999999999999996
213,117,136.75213675213675,1.17,105.3,54.7,265.3,-29.25
214,118,135.59322033898306,1.18,106.19999999999999,53.80000000000001,266.2,-29.5
215,119,134.45378151260505,1.19,107.1,52.900000000000006,267.1,-29.75
216,120,133.33333333333334,1.2,108.0,52.0,268.0,-30.0
217,121,132.23140495867767,1.2100000000000002,108.90000000000002,51.09999999999998,268.90000000000003,-30.250000000000004
218,122,131.14754098360655,1.2200000000000002,109.80000000000001,50.19999999999999,269.8,-30.500000000000004
219,123,130.08130081300814,1.23,110.7,49.3,270.7,-30.75
220,124,129.03225806451613,1.24,111.6,48.400000000000006,271.6,-31.0
221,125,128.0,1.25,112.5,47.5,272.5,-31.25
222,126,126.98412698412699,1.26,113.4,46.599999999999994,273.4,-31.5
223,127,125.98425196850394,1.27,114.3,45.7,274.3,-31.75
