pose,bytes,calls,hash
0,653,88,1990284955
1,628,88,1375286013
2,628,88,761151943
3,628,88,2899032635
4,653,88,872599450
5,653,88,824611647
6,653,88,777541552
7,628,88,1825901610
8,628,88,51205005
9,803,88,4144726455
10,978,88,2093411337
11,983,92,2545594437
12,953,88,1220631340
13,753,88,1038476441
14,683,92,2097639378
15,783,92,3851916500
16,858,92,2040192255
17,908,92,1053357489
18,858,92,840243915
19,733,92,3528211151
20,733,92,2379088510
21,758,92,3622734259
22,808,92,3336412276
23,958,92,3074210110
24,958,92,3420046065
25,933,92,4093922667
26,760,89,941450573
27,747,94,3939934681
28,715,93,30643792
29,840,93,2982523917
30,1015,93,2173218198
31,908,92,2529153576
32,678,88,896410787
33,653,88,3957086437
34,708,92,2456560719
35,758,92,1588528291
36,858,92,851568290
37,808,92,513679911
38,808,92,2352822904
39,783,92,4074186642
40,783,92,23253717
41,783,92,288770463
42,783,92,1527719889
43,758,92,1932573677
44,758,92,1486688948
45,833,92,3690374145
46,833,92,1055366106
47,808,92,2302138556
48,783,92,1778883975
49,822,94,1336204825
50,865,93,1973094163
51,915,93,2272399287
52,940,93,449833798
53,840,93,487877403
54,690,93,1744150972
55,658,92,1067269734
56,658,92,3015746553
57,628,88,1560733267
58,628,88,2656836309
59,653,88,2844270401
60,653,88,1879720024
61,628,88,1978283509
62,628,88,4284212062
63,628,88,1859756176
# complete
