# clock_hz=120,fenced=1,submitted=504,acknowledged=504,unrecorded=0,timeout=0,run_ticks=2400,startup_ticks=2,drain_ticks=0,workload=0,no_sky=0,no_traffic=0,mirror=0,light=0,recorded=504,pose_hash=0,road_bytes=161995,fixed_bands=1
start,interval,physics,projection,submit,fence,road_bytes,cars,mirrored,geometry,bands,pose,band_count
0,0,0,0,2,2,305,6,0,0,0,0,11
4,4,0,2,2,2,305,6,0,2,0,0,11
10,6,2,0,2,2,305,6,0,0,0,0,11
16,6,2,0,2,2,305,6,0,0,0,0,11
22,6,0,2,2,2,305,6,0,2,0,0,11
28,6,0,2,2,2,305,6,0,2,0,0,11
34,6,0,2,2,2,305,6,0,2,0,0,11
40,6,0,2,2,2,305,6,0,2,0,0,11
46,6,0,2,2,2,280,6,0,2,0,0,10
52,6,0,2,2,2,280,6,0,2,0,0,10
58,6,0,2,2,2,280,6,0,2,0,0,10
64,6,0,2,2,2,305,6,0,2,0,0,11
70,6,2,0,2,2,305,6,0,0,0,0,11
76,6,2,0,2,2,280,6,0,0,0,0,10
82,6,0,2,2,2,280,6,0,2,0,0,10
88,6,0,2,2,2,280,6,0,2,0,0,10
94,6,2,0,2,2,305,6,0,0,0,0,11
100,6,0,2,2,2,280,6,0,2,0,0,10
106,6,2,0,2,2,280,6,0,0,0,0,10
112,6,0,2,2,2,305,6,0,2,0,0,11
118,6,2,0,2,2,280,6,0,0,0,0,10
124,6,2,2,0,2,280,6,0,0,2,0,10
130,6,0,2,2,2,305,6,0,2,0,0,11
136,6,2,0,2,2,280,6,0,0,0,0,10
142,6,2,0,2,2,280,6,0,0,0,0,10
148,6,0,2,2,2,305,6,0,2,0,0,11
154,6,2,0,2,2,280,6,0,0,0,0,10
160,6,0,2,2,2,280,6,0,2,0,0,10
166,6,2,0,2,2,305,6,0,0,0,0,11
172,6,0,2,2,2,280,6,0,2,0,0,10
178,6,0,2,2,2,280,6,0,2,0,0,10
184,6,0,2,2,2,305,6,0,2,0,0,11
190,6,0,2,2,2,280,6,0,2,0,0,10
196,6,2,0,2,2,280,6,0,0,0,0,10
202,6,0,2,2,2,305,6,0,2,0,0,11
208,6,2,0,2,2,280,6,0,0,0,0,10
214,6,0,2,2,2,280,6,0,2,0,0,10
220,6,2,0,2,2,305,6,0,0,0,0,11
226,6,0,2,2,2,280,6,0,2,0,0,10
232,6,0,2,2,2,280,6,0,2,0,0,10
238,6,0,2,2,2,305,6,0,2,0,0,11
244,6,2,0,2,2,280,6,0,0,0,0,10
250,6,2,0,2,2,280,6,0,0,0,0,10
256,6,0,2,2,2,305,6,0,2,0,0,11
262,6,2,0,2,2,280,6,0,0,0,0,10
268,6,0,2,2,2,280,5,0,2,0,0,10
274,6,0,2,2,2,305,5,0,2,0,0,11
280,6,0,2,2,2,280,5,0,2,0,0,10
286,6,0,2,0,2,280,5,0,2,0,0,10
290,4,0,2,2,2,305,5,0,2,0,0,11
296,6,2,0,2,2,280,5,0,0,0,0,10
302,6,2,0,2,2,280,5,0,0,0,0,10
308,6,0,2,0,2,305,5,0,2,0,0,11
312,4,2,0,2,2,305,5,0,0,0,0,11
318,6,2,0,2,2,280,5,0,0,0,0,10
324,6,0,2,2,2,305,5,0,2,0,0,11
330,6,2,0,2,2,305,5,0,0,0,0,11
336,6,2,0,2,2,280,5,0,0,0,0,10
342,6,2,0,2,2,305,5,0,0,0,0,11
348,6,0,2,2,2,305,5,0,2,0,0,11
354,6,2,0,2,2,280,5,0,0,0,0,10
360,6,2,0,2,2,305,5,0,0,0,0,11
366,6,2,0,2,2,305,5,0,0,0,0,11
372,6,0,2,2,2,280,5,0,2,0,0,10
378,6,2,0,2,2,305,5,0,0,0,0,11
384,6,0,2,2,2,305,5,0,2,0,0,11
390,6,0,2,2,2,280,5,0,2,0,0,10
396,6,2,0,2,2,305,5,0,0,0,0,11
402,6,0,2,2,2,305,5,0,2,0,0,11
408,6,2,0,2,2,280,5,0,0,0,0,10
414,6,2,0,2,2,305,5,0,0,0,0,11
420,6,0,2,2,2,305,5,0,2,0,0,11
426,6,0,2,2,2,280,5,0,2,0,0,10
432,6,0,2,2,2,305,5,0,2,0,0,11
438,6,0,2,2,2,305,5,0,2,0,0,11
444,6,0,2,2,2,280,5,0,2,0,0,10
450,6,2,0,2,2,305,5,0,0,0,0,11
456,6,0,2,0,2,280,5,0,2,0,0,10
460,4,0,0,2,2,280,5,0,0,0,0,10
464,4,0,2,0,2,280,5,0,0,2,0,10
468,4,0,2,0,2,305,5,0,0,2,0,11
472,4,0,2,2,2,305,5,0,0,2,0,11
478,6,2,0,2,2,280,5,0,0,0,0,10
484,6,2,0,2,2,280,5,0,0,0,0,10
490,6,0,2,0,2,305,4,0,2,0,0,11
494,4,0,2,0,2,280,4,0,2,0,0,10
498,4,0,2,0,2,280,4,0,0,2,0,10
502,4,0,2,2,2,305,4,0,0,2,0,11
508,6,0,2,2,2,305,4,0,2,0,0,11
514,6,0,2,2,2,280,4,0,2,0,0,10
520,6,2,0,2,2,305,4,0,0,0,0,11
526,6,2,0,2,2,305,4,0,0,0,0,11
532,6,2,0,2,2,280,4,0,0,0,0,10
538,6,2,0,2,2,305,4,0,0,0,0,11
544,6,2,0,2,2,305,4,0,0,0,0,11
550,6,0,2,2,2,280,4,0,2,0,0,10
556,6,2,0,2,2,305,4,0,0,0,0,11
562,6,0,2,2,2,305,4,0,2,0,0,11
568,6,0,2,2,2,280,4,0,2,0,0,10
574,6,2,0,2,2,305,4,0,0,0,0,11
580,6,2,0,2,2,305,4,0,0,0,0,11
586,6,2,0,2,2,280,3,0,0,0,0,10
592,6,2,0,2,2,305,3,0,0,0,0,11
598,6,2,0,2,2,305,3,0,0,0,0,11
604,6,0,2,0,2,280,3,0,2,0,0,10
608,4,0,2,0,2,280,3,0,0,2,0,10
612,4,0,2,0,2,305,3,0,2,0,0,11
616,4,0,2,2,2,305,3,0,2,0,0,11
622,6,2,0,2,2,280,3,0,0,0,0,10
628,6,2,0,0,2,305,3,0,0,0,0,11
632,4,0,2,0,2,305,3,0,2,0,0,11
636,4,0,2,0,2,280,3,0,0,2,0,10
640,4,0,2,0,2,280,3,0,2,0,0,10
644,4,2,0,2,2,280,3,0,0,0,0,10
650,6,0,2,0,2,305,3,0,2,0,0,11
654,4,0,2,0,2,280,3,0,2,0,0,10
658,4,2,0,0,2,280,3,0,0,0,0,10
662,4,0,2,0,2,280,3,0,2,0,0,10
666,4,0,2,0,2,305,3,0,2,0,0,11
670,4,0,2,2,2,305,3,0,0,2,0,11
676,6,0,2,2,2,280,3,0,2,0,0,10
682,6,0,0,2,2,305,3,0,0,0,0,11
686,4,0,2,0,2,305,3,0,0,2,0,11
690,4,0,2,0,2,280,3,0,0,2,0,10
694,4,0,2,0,2,280,3,0,2,0,0,10
698,4,0,2,0,2,280,3,0,2,0,0,10
702,4,0,2,0,2,305,3,0,2,0,0,11
706,4,0,2,0,2,280,3,0,0,2,0,10
710,4,0,2,0,2,280,3,0,0,2,0,10
714,4,0,2,0,2,280,3,0,2,0,0,10
718,4,0,2,2,2,305,3,0,2,0,0,11
724,6,0,2,0,2,280,3,0,2,0,0,10
728,4,0,2,0,2,280,3,0,2,0,0,10
732,4,0,2,0,2,280,3,0,2,0,0,10
736,4,0,2,2,2,305,3,0,2,0,0,11
742,6,0,2,2,2,280,3,0,2,0,0,10
748,6,0,2,0,2,280,3,0,2,0,0,10
752,4,0,2,2,2,305,3,0,2,0,0,11
758,6,0,2,0,2,305,3,0,2,0,0,11
762,4,0,2,0,2,280,3,0,2,0,0,10
766,4,0,2,0,2,280,3,0,0,2,0,10
770,4,0,2,0,2,305,3,0,2,0,0,11
774,4,0,2,0,2,305,3,0,2,0,0,11
778,4,0,2,0,2,280,3,0,2,0,0,10
782,4,0,2,0,2,280,3,0,2,0,0,10
786,4,0,2,2,2,280,3,0,2,0,0,10
792,6,0,2,0,2,305,3,0,2,0,0,11
796,4,0,2,0,2,280,3,0,0,2,0,10
800,4,0,2,0,2,280,3,0,2,0,0,10
804,4,0,2,0,2,280,3,0,0,2,0,10
808,4,0,2,2,2,305,3,0,2,0,0,11
814,6,0,2,0,2,280,3,0,2,0,0,10
818,4,0,2,2,2,280,3,0,2,0,0,10
824,6,0,2,0,2,305,3,0,2,0,0,11
828,4,0,2,0,2,305,3,0,2,0,0,11
832,4,0,2,0,2,280,3,0,2,0,0,10
836,4,0,2,0,2,280,3,0,2,0,0,10
840,4,0,2,0,2,280,3,0,2,0,0,10
844,4,0,2,0,2,305,3,0,0,2,0,11
848,4,0,2,0,2,305,3,0,2,0,0,11
852,4,0,2,0,2,280,3,0,2,0,0,10
856,4,0,2,0,2,280,3,0,0,2,0,10
860,4,0,2,0,2,305,3,0,2,0,0,11
864,4,2,0,0,2,305,3,0,0,0,0,11
868,4,0,2,0,2,280,3,0,0,2,0,10
872,4,0,2,0,2,280,3,0,0,2,0,10
876,4,0,2,0,2,280,3,0,0,2,0,10
880,4,0,2,0,2,305,3,0,2,0,0,11
884,4,0,2,0,2,305,3,0,0,2,0,11
888,4,0,2,0,2,280,3,0,2,0,0,10
892,4,0,2,0,2,280,3,0,2,0,0,10
896,4,0,2,0,2,305,3,0,0,2,0,11
900,4,0,2,0,2,305,3,0,0,2,0,11
904,4,0,2,0,2,280,3,0,0,2,0,10
908,4,0,2,0,2,280,2,0,2,0,0,10
912,4,0,2,0,2,280,1,0,0,2,0,10
916,4,0,2,0,2,305,1,0,2,0,0,11
920,4,0,2,0,2,305,1,0,2,0,0,11
924,4,0,2,0,2,280,1,0,2,0,0,10
928,4,0,2,0,2,280,1,0,2,0,0,10
932,4,0,2,0,2,305,1,0,2,0,0,11
936,4,0,2,0,2,305,1,0,0,2,0,11
940,4,0,2,0,2,280,1,0,2,0,0,10
944,4,0,2,0,2,280,1,0,2,0,0,10
948,4,0,2,0,2,280,1,0,0,2,0,10
952,4,0,2,0,2,305,1,0,0,2,0,11
956,4,0,2,0,2,280,1,0,0,2,0,10
960,4,0,2,0,2,280,1,0,2,0,0,10
964,4,0,2,0,2,280,1,0,0,2,0,10
968,4,0,2,0,2,305,1,0,0,2,0,11
972,4,0,2,0,2,305,1,0,2,0,0,11
976,4,0,2,0,2,280,1,0,2,0,0,10
980,4,2,0,0,2,280,1,0,0,0,0,10
984,4,2,0,0,2,280,1,0,0,0,0,10
988,4,0,2,0,2,305,1,0,2,0,0,11
992,4,0,2,0,2,280,1,0,0,2,0,10
996,4,0,2,0,2,280,1,0,2,0,0,10
1000,4,0,2,0,2,280,1,0,0,2,0,10
1004,4,0,2,0,2,305,1,0,0,2,0,11
1008,4,0,2,0,2,305,1,0,2,0,0,11
1012,4,0,2,0,2,280,1,0,2,0,0,10
1016,4,0,2,0,2,280,1,0,2,0,0,10
1020,4,0,2,0,2,305,1,0,0,2,0,11
1024,4,0,2,0,2,305,1,0,2,0,0,11
1028,4,0,2,0,2,280,1,0,2,0,0,10
1032,4,0,2,0,2,280,1,0,0,2,0,10
1036,4,0,2,0,2,280,1,0,2,0,0,10
1040,4,0,2,0,2,305,1,0,0,2,0,11
1044,4,0,2,0,2,305,1,0,2,0,0,11
1048,4,2,0,0,2,280,1,0,0,0,0,10
1052,4,0,2,0,2,280,1,0,0,2,0,10
1056,4,0,2,0,2,305,1,0,2,0,0,11
1060,4,0,2,0,2,305,1,0,2,0,0,11
1064,4,0,2,0,2,280,1,0,2,0,0,10
1068,4,0,2,0,2,280,1,0,0,2,0,10
1072,4,0,2,0,2,280,1,0,2,0,0,10
1076,4,0,2,0,2,305,1,0,2,0,0,11
1080,4,0,2,0,2,305,1,0,0,2,0,11
1084,4,0,2,0,2,280,1,0,0,2,0,10
1088,4,0,2,0,2,280,1,0,2,0,0,10
1092,4,0,2,0,2,305,1,0,0,2,0,11
1096,4,0,2,0,2,305,1,0,2,0,0,11
1100,4,0,2,0,2,280,1,0,2,0,0,10
1104,4,0,2,0,2,280,1,0,0,2,0,10
1108,4,0,2,0,2,280,1,0,0,2,0,10
1112,4,0,2,0,2,305,1,0,2,0,0,11
1116,4,0,2,0,2,305,1,0,2,0,0,11
1120,4,0,2,0,2,280,1,0,0,2,0,10
1124,4,0,2,0,2,280,1,0,2,0,0,10
1128,4,0,2,0,2,305,1,0,2,0,0,11
1132,4,0,2,0,2,305,1,0,2,0,0,11
1136,4,0,2,0,2,280,1,0,0,2,0,10
1140,4,2,0,4,2,280,1,0,0,0,0,10
1148,8,0,2,0,2,305,1,0,0,2,0,11
1152,4,0,2,0,2,305,1,0,2,0,0,11
1156,4,0,0,2,2,280,1,0,0,0,0,10
1160,4,0,2,0,2,280,1,0,2,0,0,10
1164,4,0,2,0,2,305,1,0,0,2,0,11
1168,4,0,2,0,2,305,1,0,0,2,0,11
1172,4,2,0,0,2,280,1,0,0,0,0,10
1176,4,0,2,0,2,280,1,0,0,2,0,10
1180,4,0,2,0,2,280,1,0,2,0,0,10
1184,4,0,2,0,2,305,1,0,2,0,0,11
1188,4,0,2,0,2,305,1,0,0,2,0,11
1192,4,0,2,0,2,280,1,0,0,2,0,10
1196,4,0,2,0,2,280,1,0,0,2,0,10
1200,4,0,2,0,2,305,1,0,0,2,0,11
1204,4,0,2,0,2,305,1,0,2,0,0,11
1208,4,0,2,0,2,280,1,0,2,0,0,10
1212,4,2,2,6,0,280,1,0,2,0,0,10
1222,10,8,4,2,2,305,1,0,2,2,0,11
1238,16,4,2,2,2,305,1,0,0,2,0,11
1248,10,4,0,2,2,280,1,0,0,0,0,10
1256,8,4,2,2,2,305,1,0,2,0,0,11
1266,10,4,2,2,2,280,1,0,2,0,0,10
1276,10,2,0,0,2,305,1,0,0,0,0,11
1280,4,0,2,0,2,280,1,0,0,2,0,10
1284,4,0,0,2,2,280,1,0,0,0,0,10
1288,4,2,0,0,2,305,1,0,0,0,0,11
1292,4,0,2,0,2,305,1,0,0,2,0,11
1296,4,0,0,2,2,280,1,0,0,0,0,10
1300,4,2,0,0,2,280,1,0,0,0,0,10
1304,4,0,0,0,4,280,1,0,0,0,0,10
1308,4,0,2,0,2,305,1,0,0,2,0,11
1312,4,0,2,0,2,305,1,0,2,0,0,11
1316,4,0,0,0,4,280,1,0,0,0,0,10
1320,4,0,2,0,2,280,1,0,0,2,0,10
1324,4,0,2,0,2,305,1,0,0,2,0,11
1328,4,0,0,2,2,305,1,0,0,0,0,11
1332,4,0,2,0,2,280,1,0,0,2,0,10
1336,4,0,2,0,2,280,1,0,2,0,0,10
1340,4,0,0,0,4,280,1,0,0,0,0,10
1344,4,0,2,0,2,305,1,0,2,0,0,11
1348,4,2,2,2,2,305,1,0,2,0,0,11
1356,8,2,0,10,2,280,1,0,0,0,0,10
1370,14,4,0,2,2,280,1,0,0,0,0,10
1378,8,2,2,2,2,305,1,0,0,2,0,11
1386,8,2,2,0,2,280,1,0,2,0,0,10
1392,6,0,4,2,2,280,1,0,4,0,0,10
1400,8,2,2,0,2,305,1,0,0,2,0,11
1406,6,0,0,2,2,280,1,0,0,0,0,10
1410,4,0,2,0,2,280,1,0,0,2,0,10
1414,4,0,2,0,2,305,1,0,0,2,0,11
1418,4,0,0,2,2,305,1,0,0,0,0,11
1422,4,0,0,2,2,280,1,0,0,0,0,10
1426,4,0,0,0,4,280,1,0,0,0,0,10
1430,4,0,0,2,2,280,1,0,0,0,0,10
1434,4,0,0,2,2,305,1,0,0,0,0,11
1438,4,0,2,0,2,305,1,0,0,2,0,11
1442,4,0,0,2,2,280,1,0,0,0,0,10
1446,4,0,2,0,2,280,1,0,0,2,0,10
1450,4,0,0,2,2,305,1,0,0,0,0,11
1454,4,0,0,2,2,305,1,0,0,0,0,11
1458,4,0,2,0,2,280,1,0,2,0,0,10
1462,4,0,0,0,4,280,1,0,0,0,0,10
1466,4,0,2,0,2,280,1,0,2,0,0,10
1470,4,0,2,0,2,305,1,0,2,0,0,11
1474,4,0,0,2,2,280,1,0,0,0,0,10
1478,4,0,0,2,2,280,1,0,0,0,0,10
1482,4,0,2,0,2,280,1,0,2,0,0,10
1486,4,0,2,0,2,305,1,0,0,2,0,11
1490,4,0,0,2,2,305,1,0,0,0,0,11
1494,4,0,2,0,2,280,1,0,2,0,0,10
1498,4,2,0,0,2,280,1,0,0,0,0,10
1502,4,0,2,0,2,305,1,0,0,2,0,11
1506,4,0,2,0,2,305,1,0,2,0,0,11
1510,4,0,2,0,2,280,1,0,0,2,0,10
1514,4,0,2,0,2,280,1,0,2,0,0,10
1518,4,0,2,0,2,280,1,0,0,2,0,10
1522,4,0,2,0,2,305,1,0,2,0,0,11
1526,4,0,2,0,2,305,0,0,0,2,0,11
1530,4,0,2,0,2,280,0,0,2,0,0,10
1534,4,0,2,0,2,280,0,0,2,0,0,10
1538,4,0,2,0,2,305,0,0,2,0,0,11
1542,4,0,2,0,2,305,0,0,2,0,0,11
1546,4,0,2,0,2,280,0,0,2,0,0,10
1550,4,0,2,0,2,280,0,0,0,2,0,10
1554,4,0,2,0,2,280,0,0,2,0,0,10
1558,4,0,2,0,2,305,0,0,0,2,0,11
1562,4,0,2,0,2,305,0,0,0,2,0,11
1566,4,0,2,0,2,280,0,0,2,0,0,10
1570,4,0,2,0,2,280,0,0,0,2,0,10
1574,4,2,0,0,2,305,0,0,0,0,0,11
1578,4,0,2,0,2,305,0,0,2,0,0,11
1582,4,0,2,0,2,280,0,0,0,2,0,10
1586,4,0,2,0,2,280,0,0,0,2,0,10
1590,4,0,2,0,2,280,0,0,2,0,0,10
1594,4,0,2,0,2,305,0,0,0,2,0,11
1598,4,0,2,0,2,305,0,0,0,2,0,11
1602,4,0,2,0,2,280,0,0,0,2,0,10
1606,4,0,2,0,2,280,0,0,2,0,0,10
1610,4,0,0,2,2,305,0,0,0,0,0,11
1614,4,0,2,0,2,305,0,0,2,0,0,11
1618,4,0,2,0,2,280,0,0,0,2,0,10
1622,4,0,2,0,2,280,0,0,0,2,0,10
1626,4,0,2,0,2,280,0,0,2,0,0,10
1630,4,2,0,0,2,305,0,0,0,0,0,11
1634,4,0,2,0,2,305,0,0,0,2,0,11
1638,4,0,2,0,2,280,0,0,2,0,0,10
1642,4,0,2,0,2,280,0,0,2,0,0,10
1646,4,0,2,0,2,305,0,0,0,2,0,11
1650,4,0,2,0,2,305,0,0,2,0,0,11
1654,4,0,2,0,2,280,0,0,2,0,0,10
1658,4,2,0,0,2,280,0,0,0,0,0,10
1662,4,0,2,0,2,280,0,0,0,2,0,10
1666,4,0,2,0,2,305,0,0,2,0,0,11
1670,4,0,2,0,2,305,0,0,0,2,0,11
1674,4,0,2,0,2,280,0,0,2,0,0,10
1678,4,0,2,0,2,280,0,0,2,0,0,10
1682,4,0,2,0,2,305,0,0,2,0,0,11
1686,4,0,2,0,2,305,0,0,2,0,0,11
1690,4,0,2,0,2,280,0,0,2,0,0,10
1694,4,0,2,0,2,280,0,0,2,0,0,10
1698,4,0,2,0,2,280,0,0,0,2,0,10
1702,4,0,2,0,2,305,0,0,2,0,0,11
1706,4,0,2,0,2,280,0,0,2,0,0,10
1710,4,0,2,0,2,280,0,0,0,2,0,10
1714,4,0,2,0,2,280,0,0,0,2,0,10
1718,4,0,2,0,2,305,0,0,0,2,0,11
1722,4,0,2,0,2,305,0,0,0,2,0,11
1726,4,0,2,0,2,280,0,0,2,0,0,10
1730,4,0,2,0,2,280,0,0,0,2,0,10
1734,4,0,2,0,2,280,0,0,0,2,0,10
1738,4,0,0,2,2,305,0,0,0,0,0,11
1742,4,0,0,2,2,280,0,0,0,0,0,10
1746,4,0,2,0,2,280,0,0,0,2,0,10
1750,4,0,2,0,2,280,0,0,2,0,0,10
1754,4,0,2,0,2,305,0,0,2,0,0,11
1758,4,0,2,0,2,305,0,0,0,2,0,11
1762,4,0,2,0,2,280,0,0,0,2,0,10
1766,4,0,2,0,2,280,0,0,0,2,0,10
1770,4,0,2,0,2,305,0,0,2,0,0,11
1774,4,0,2,0,2,305,0,0,0,2,0,11
1778,4,0,2,0,2,280,0,0,0,2,0,10
1782,4,0,2,0,2,280,0,0,0,2,0,10
1786,4,0,2,0,2,280,0,0,2,0,0,10
1790,4,0,2,0,2,305,0,0,2,0,0,11
1794,4,0,2,0,2,305,0,0,0,2,0,11
1798,4,0,2,0,2,280,0,0,0,2,0,10
1802,4,2,0,0,2,280,0,0,0,0,0,10
1806,4,0,2,0,2,305,0,0,2,0,0,11
1810,4,0,2,0,2,305,0,0,0,2,0,11
1814,4,0,2,0,2,280,0,0,0,2,0,10
1818,4,0,2,0,2,280,0,0,0,2,0,10
1822,4,0,2,0,2,280,0,0,2,0,0,10
1826,4,0,0,2,2,305,0,0,0,0,0,11
1830,4,0,2,0,2,305,0,0,2,0,0,11
1834,4,0,2,0,2,280,0,0,0,2,0,10
1838,4,0,2,0,2,280,0,0,0,2,0,10
1842,4,0,2,0,2,305,0,0,0,2,0,11
1846,4,0,2,0,2,305,0,0,2,0,0,11
1850,4,0,2,0,2,280,0,0,2,0,0,10
1854,4,0,2,0,2,280,0,0,2,0,0,10
1858,4,0,2,0,2,280,0,0,0,2,0,10
1862,4,0,2,0,2,305,0,0,2,0,0,11
1866,4,0,2,0,2,305,0,0,2,0,0,11
1870,4,0,2,0,2,280,0,0,2,0,0,10
1874,4,0,2,0,2,280,0,0,0,2,0,10
1878,4,0,2,0,2,305,0,0,2,0,0,11
1882,4,0,2,0,2,305,0,0,2,0,0,11
1886,4,2,0,0,2,280,0,0,0,0,0,10
1890,4,0,2,0,2,280,0,0,2,0,0,10
1894,4,0,2,0,2,280,0,0,0,2,0,10
1898,4,0,2,0,2,305,0,0,2,0,0,11
1902,4,0,2,0,2,305,0,0,0,2,0,11
1906,4,0,2,0,2,280,0,0,2,0,0,10
1910,4,0,2,0,2,280,0,0,2,0,0,10
1914,4,0,2,0,2,305,0,0,0,2,0,11
1918,4,0,2,0,2,305,0,0,2,0,0,11
1922,4,0,2,0,2,280,0,0,2,0,0,10
1926,4,0,2,0,2,280,0,0,2,0,0,10
1930,4,0,2,0,2,305,0,0,2,0,0,11
1934,4,0,2,0,2,330,0,0,2,0,0,12
1938,4,0,2,0,2,330,0,0,2,0,0,12
1942,4,0,2,0,2,305,0,0,0,2,0,11
1946,4,0,2,0,2,305,0,0,2,0,0,11
1950,4,0,2,0,2,330,0,0,2,0,0,12
1954,4,2,0,0,2,330,0,0,0,0,0,12
1958,4,0,2,0,2,305,0,0,2,0,0,11
1962,4,0,2,0,2,305,0,0,2,0,0,11
1966,4,0,2,0,2,305,0,0,0,2,0,11
1970,4,0,2,0,2,330,0,0,2,0,0,12
1974,4,0,2,0,2,305,0,0,0,2,0,11
1978,4,0,2,0,2,330,0,0,2,0,0,12
1982,4,2,0,0,2,330,0,0,0,0,0,12
1986,4,0,2,0,2,355,0,0,2,0,0,13
1990,4,0,2,0,2,355,0,0,2,0,0,13
1994,4,2,0,0,2,330,0,0,0,0,0,12
1998,4,0,2,0,2,330,0,0,2,0,0,12
2002,4,0,2,0,2,355,0,0,2,0,0,13
2006,4,0,2,0,2,355,0,0,2,0,0,13
2010,4,0,2,0,2,330,0,0,2,0,0,12
2014,4,0,2,0,2,355,0,0,2,0,0,13
2018,4,0,2,0,2,355,0,0,2,0,0,13
2022,4,0,2,0,2,380,0,0,2,0,0,14
2026,4,0,2,0,2,380,0,0,2,0,0,14
2030,4,0,2,0,2,355,0,0,2,0,0,13
2034,4,0,2,0,2,355,0,0,0,2,0,13
2038,4,0,2,0,2,380,0,0,2,0,0,14
2042,4,0,2,0,2,380,0,0,2,0,0,14
2046,4,0,2,0,2,355,0,0,0,2,0,13
2050,4,0,2,2,2,380,0,0,2,0,0,14
2056,6,2,0,2,2,405,0,0,0,0,0,15
2062,6,0,2,0,2,405,0,0,2,0,0,15
2066,4,0,2,0,2,380,0,0,2,0,0,14
2070,4,0,2,0,2,380,0,0,2,0,0,14
2074,4,0,2,2,2,430,0,0,2,0,0,16
2080,6,2,0,2,2,430,0,0,0,0,0,16
2086,6,2,0,2,2,405,0,0,0,0,0,15
2092,6,0,2,2,2,455,0,0,2,0,0,17
2098,6,2,0,2,2,455,0,0,0,0,0,17
2104,6,2,2,0,2,430,0,0,0,2,0,16
2110,6,0,2,0,2,430,0,0,2,0,0,16
2114,4,0,2,0,2,455,0,0,2,0,0,17
2118,4,0,2,0,2,455,0,0,2,0,0,17
2122,4,2,0,0,2,430,0,0,0,0,0,16
2126,4,2,0,0,2,430,0,0,0,0,0,16
2130,4,0,2,0,2,480,0,0,2,0,0,18
2134,4,0,2,0,2,480,0,0,2,0,0,18
2138,4,0,2,2,2,430,0,0,2,0,0,16
2144,6,0,2,0,2,480,0,0,2,0,0,18
2148,4,0,2,2,2,505,0,0,2,0,0,19
2154,6,2,2,0,2,455,0,0,0,2,0,17
2160,6,0,2,2,2,480,0,0,2,0,0,18
2166,6,2,0,2,2,505,0,0,0,0,0,19
2172,6,2,0,2,2,505,0,0,0,0,0,19
2178,6,0,2,2,2,505,0,0,2,0,0,19
2184,6,0,2,2,2,480,0,0,2,0,0,18
2190,6,0,2,0,2,480,0,0,2,0,0,18
2194,4,0,2,0,2,455,0,0,2,0,0,17
2198,4,0,2,2,2,505,0,0,2,0,0,19
2204,6,0,2,2,2,505,0,0,2,0,0,19
2210,6,0,2,0,2,505,0,0,2,0,0,19
2214,4,0,2,2,2,555,0,0,2,0,0,21
2220,6,0,2,2,2,505,0,0,2,0,0,19
2226,6,2,0,2,2,455,0,0,0,0,0,17
2232,6,0,4,0,2,555,0,0,2,2,0,21
2238,6,2,0,2,2,505,0,0,0,0,0,19
2244,6,2,0,2,2,530,0,0,0,0,0,20
2250,6,2,2,0,2,580,0,0,0,2,0,22
2256,6,2,0,2,2,530,0,0,0,0,0,20
2262,6,2,0,2,2,555,0,0,0,0,0,21
2268,6,0,2,2,2,555,0,0,2,0,0,21
2274,6,2,0,2,2,580,0,0,0,0,0,22
2280,6,2,0,2,2,530,0,0,0,0,0,20
2286,6,2,0,2,2,580,0,0,0,0,0,22
2292,6,0,2,2,2,555,0,0,2,0,0,21
2298,6,0,2,2,2,630,0,0,2,0,0,24
2304,6,2,0,2,2,580,0,0,0,0,0,22
2310,6,0,4,0,2,630,0,0,2,2,0,24
2316,6,0,4,0,2,605,0,0,2,2,0,23
2322,6,0,2,2,2,605,0,0,2,0,0,23
2328,6,0,4,0,2,605,0,0,2,2,0,23
2334,6,0,2,2,2,580,0,0,2,0,0,22
2340,6,2,0,2,2,580,0,0,0,0,0,22
2346,6,0,2,2,2,605,0,0,2,0,0,23
2352,6,2,2,0,2,630,0,0,0,2,0,24
2358,6,0,4,0,2,630,0,0,2,2,0,24
2364,6,0,2,2,2,580,0,0,2,0,0,22
2370,6,0,4,0,2,580,0,1,2,2,0,22
2376,6,0,2,2,2,580,0,1,2,0,0,22
2382,6,2,0,2,2,555,0,1,0,0,0,21
2388,6,2,0,2,2,555,0,1,0,0,0,21
2394,6,0,2,2,2,580,0,1,2,0,0,22
# complete
