call,valid,wrap,count,last,error,expected,matrices,nonfinite,read_errors,live_allocs,live_bytes,active_hex
0,1,1,1,0,0,1,101,0,0,3699,720579,0100500000000000ffff00003f1febff006affff2c010200ffff0000a6ff0000ffff0000a6ff0000ffff0000a6ff0000ffff0000a6ff0000ffff0000a6ff0000ffff0000a6ff0000070019000000195a
1,0,1,1,0,1,1,101,0,0,3699,720579,0100500000000000ffff00003f1febff006affff2c010200ffff0000a6ff0000ffff0000a6ff0000ffff0000a6ff0000ffff0000a6ff0000ffff0000a6ff0000ffff0000a6ff0000070019000000195a
2,0,1,1,0,1,1,101,0,0,3699,720579,0100500000000000ffff00003f1febff006affff2c010200ffff0000a6ff0000ffff0000a6ff0000ffff0000a6ff0000ffff0000a6ff0000ffff0000a6ff0000ffff0000a6ff0000070019000000195a
3,1,1,2,1,0,2,102,0,0,3702,720687,0100500001000000ffc908003f1f1500009600002c010200ffc908005a000000ffc908005a000000ffc908005a000000ffc908005a000000ffc908005a000000ffc908005a0000000700c8000100195a
4,0,1,2,1,1,2,102,0,0,3702,720687,0100500001000000ffc908003f1f1500009600002c010200ffc908005a000000ffc908005a000000ffc908005a000000ffc908005a000000ffc908005a000000ffc908005a0000000700c8000100195a
5,0,1,2,1,1,2,102,0,0,3702,720687,0100500001000000ffc908003f1f1500009600002c010200ffc908005a000000ffc908005a000000ffc908005a000000ffc908005a000000ffc908005a000000ffc908005a0000000700c8000100195a
6,0,1,2,1,1,2,102,0,0,3702,720687,0100500001000000ffc908003f1f1500009600002c010200ffc908005a000000ffc908005a000000ffc908005a000000ffc908005a000000ffc908005a000000ffc908005a0000000700c8000100195a
7,0,1,2,1,1,2,102,0,0,3702,720687,0100500001000000ffc908003f1f1500009600002c010200ffc908005a000000ffc908005a000000ffc908005a000000ffc908005a000000ffc908005a000000ffc908005a0000000700c8000100195a
8,0,1,2,1,1,2,102,0,0,3702,720687,0100500001000000ffc908003f1f1500009600002c010200ffc908005a000000ffc908005a000000ffc908005a000000ffc908005a000000ffc908005a000000ffc908005a0000000700c8000100195a
9,0,1,2,1,1,2,102,0,0,3702,720687,0100500001000000ffc908003f1f1500009600002c010200ffc908005a000000ffc908005a000000ffc908005a000000ffc908005a000000ffc908005a000000ffc908005a0000000700c8000100195a
10,0,1,2,1,1,2,102,0,0,3702,720687,0100500001000000ffc908003f1f1500009600002c010200ffc908005a000000ffc908005a000000ffc908005a000000ffc908005a000000ffc908005a000000ffc908005a0000000700c8000100195a
11,0,1,2,1,1,2,102,0,0,3702,720687,0100500001000000ffc908003f1f1500009600002c010200ffc908005a000000ffc908005a000000ffc908005a000000ffc908005a000000ffc908005a000000ffc908005a0000000700c8000100195a
12,0,1,2,1,1,2,102,0,0,3702,720687,0100500001000000ffc908003f1f1500009600002c010200ffc908005a000000ffc908005a000000ffc908005a000000ffc908005a000000ffc908005a000000ffc908005a0000000700c8000100195a
13,0,1,2,1,1,2,102,0,0,3702,720687,0100500001000000ffc908003f1f1500009600002c010200ffc908005a000000ffc908005a000000ffc908005a000000ffc908005a000000ffc908005a000000ffc908005a0000000700c8000100195a
14,0,1,2,1,1,2,102,0,0,3702,720687,0100500001000000ffc908003f1f1500009600002c010200ffc908005a000000ffc908005a000000ffc908005a000000ffc908005a000000ffc908005a000000ffc908005a0000000700c8000100195a
15,0,1,2,1,1,2,102,0,0,3702,720687,0100500001000000ffc908003f1f1500009600002c010200ffc908005a000000ffc908005a000000ffc908005a000000ffc908005a000000ffc908005a000000ffc908005a0000000700c8000100195a
16,0,1,2,1,1,2,102,0,0,3702,720687,0100500001000000ffc908003f1f1500009600002c010200ffc908005a000000ffc908005a000000ffc908005a000000ffc908005a000000ffc908005a000000ffc908005a0000000700c8000100195a
17,0,1,2,1,1,2,102,0,0,3702,720687,0100500001000000ffc908003f1f1500009600002c010200ffc908005a000000ffc908005a000000ffc908005a000000ffc908005a000000ffc908005a000000ffc908005a0000000700c8000100195a
18,0,1,2,1,1,2,102,0,0,3702,720687,0100500001000000ffc908003f1f1500009600002c010200ffc908005a000000ffc908005a000000ffc908005a000000ffc908005a000000ffc908005a000000ffc908005a0000000700c8000100195a
19,0,1,2,1,1,2,102,0,0,3702,720687,0100500001000000ffc908003f1f1500009600002c010200ffc908005a000000ffc908005a000000ffc908005a000000ffc908005a000000ffc908005a000000ffc908005a0000000700c8000100195a
20,0,1,2,1,1,2,102,0,0,3702,720687,0100500001000000ffc908003f1f1500009600002c010200ffc908005a000000ffc908005a000000ffc908005a000000ffc908005a000000ffc908005a000000ffc908005a0000000700c8000100195a
21,0,1,2,1,1,2,102,0,0,3702,720687,0100500001000000ffc908003f1f1500009600002c010200ffc908005a000000ffc908005a000000ffc908005a000000ffc908005a000000ffc908005a000000ffc908005a0000000700c8000100195a
22,0,1,2,1,1,2,102,0,0,3702,720687,0100500001000000ffc908003f1f1500009600002c010200ffc908005a000000ffc908005a000000ffc908005a000000ffc908005a000000ffc908005a000000ffc908005a0000000700c8000100195a
23,0,1,2,1,1,2,102,0,0,3702,720687,0100500001000000ffc908003f1f1500009600002c010200ffc908005a000000ffc908005a000000ffc908005a000000ffc908005a000000ffc908005a000000ffc908005a0000000700c8000100195a
24,0,1,2,1,1,2,102,0,0,3702,720687,0100500001000000ffc908003f1f1500009600002c010200ffc908005a000000ffc908005a000000ffc908005a000000ffc908005a000000ffc908005a000000ffc908005a0000000700c8000100195a
25,0,1,2,1,1,2,102,0,0,3702,720687,0100500001000000ffc908003f1f1500009600002c010200ffc908005a000000ffc908005a000000ffc908005a000000ffc908005a000000ffc908005a000000ffc908005a0000000700c8000100195a
26,0,1,2,1,1,2,102,0,0,3702,720687,0100500001000000ffc908003f1f1500009600002c010200ffc908005a000000ffc908005a000000ffc908005a000000ffc908005a000000ffc908005a000000ffc908005a0000000700c8000100195a
27,0,1,2,1,1,2,102,0,0,3702,720687,0100500001000000ffc908003f1f1500009600002c010200ffc908005a000000ffc908005a000000ffc908005a000000ffc908005a000000ffc908005a000000ffc908005a0000000700c8000100195a
28,0,1,2,1,1,2,102,0,0,3702,720687,0100500001000000ffc908003f1f1500009600002c010200ffc908005a000000ffc908005a000000ffc908005a000000ffc908005a000000ffc908005a000000ffc908005a0000000700c8000100195a
29,0,1,2,1,1,2,102,0,0,3702,720687,0100500001000000ffc908003f1f1500009600002c010200ffc908005a000000ffc908005a000000ffc908005a000000ffc908005a000000ffc908005a000000ffc908005a0000000700c8000100195a
30,0,1,2,1,1,2,102,0,0,3702,720687,0100500001000000ffc908003f1f1500009600002c010200ffc908005a000000ffc908005a000000ffc908005a000000ffc908005a000000ffc908005a000000ffc908005a0000000700c8000100195a
31,0,1,2,1,1,2,102,0,0,3702,720687,0100500001000000ffc908003f1f1500009600002c010200ffc908005a000000ffc908005a000000ffc908005a000000ffc908005a000000ffc908005a000000ffc908005a0000000700c8000100195a
32,0,1,2,1,1,2,102,0,0,3702,720687,0100500001000000ffc908003f1f1500009600002c010200ffc908005a000000ffc908005a000000ffc908005a000000ffc908005a000000ffc908005a000000ffc908005a0000000700c8000100195a
33,0,1,2,1,1,2,102,0,0,3702,720687,0100500001000000ffc908003f1f1500009600002c010200ffc908005a000000ffc908005a000000ffc908005a000000ffc908005a000000ffc908005a000000ffc908005a0000000700c8000100195a
34,0,1,2,1,1,2,102,0,0,3702,720687,0100500001000000ffc908003f1f1500009600002c010200ffc908005a000000ffc908005a000000ffc908005a000000ffc908005a000000ffc908005a000000ffc908005a0000000700c8000100195a
35,0,1,2,1,1,2,102,0,0,3702,720687,0100500001000000ffc908003f1f1500009600002c010200ffc908005a000000ffc908005a000000ffc908005a000000ffc908005a000000ffc908005a000000ffc908005a0000000700c8000100195a
36,0,1,2,1,1,2,102,0,0,3702,720687,0100500001000000ffc908003f1f1500009600002c010200ffc908005a000000ffc908005a000000ffc908005a000000ffc908005a000000ffc908005a000000ffc908005a0000000700c8000100195a
37,0,1,2,1,1,2,102,0,0,3702,720687,0100500001000000ffc908003f1f1500009600002c010200ffc908005a000000ffc908005a000000ffc908005a000000ffc908005a000000ffc908005a000000ffc908005a0000000700c8000100195a
38,0,1,2,1,1,2,102,0,0,3702,720687,0100500001000000ffc908003f1f1500009600002c010200ffc908005a000000ffc908005a000000ffc908005a000000ffc908005a000000ffc908005a000000ffc908005a0000000700c8000100195a
39,0,1,2,1,1,2,102,0,0,3702,720687,0100500001000000ffc908003f1f1500009600002c010200ffc908005a000000ffc908005a000000ffc908005a000000ffc908005a000000ffc908005a000000ffc908005a0000000700c8000100195a
40,0,1,2,1,1,2,102,0,0,3702,720687,0100500001000000ffc908003f1f1500009600002c010200ffc908005a000000ffc908005a000000ffc908005a000000ffc908005a000000ffc908005a000000ffc908005a0000000700c8000100195a
41,0,1,2,1,1,2,102,0,0,3702,720687,0100500001000000ffc908003f1f1500009600002c010200ffc908005a000000ffc908005a000000ffc908005a000000ffc908005a000000ffc908005a000000ffc908005a0000000700c8000100195a
42,0,1,2,1,1,2,102,0,0,3702,720687,0100500001000000ffc908003f1f1500009600002c010200ffc908005a000000ffc908005a000000ffc908005a000000ffc908005a000000ffc908005a000000ffc908005a0000000700c8000100195a
43,0,1,2,1,1,2,102,0,0,3702,720687,0100500001000000ffc908003f1f1500009600002c010200ffc908005a000000ffc908005a000000ffc908005a000000ffc908005a000000ffc908005a000000ffc908005a0000000700c8000100195a
44,0,1,2,1,1,2,102,0,0,3702,720687,0100500001000000ffc908003f1f1500009600002c010200ffc908005a000000ffc908005a000000ffc908005a000000ffc908005a000000ffc908005a000000ffc908005a0000000700c8000100195a
45,0,1,2,1,1,2,102,0,0,3702,720687,0100500001000000ffc908003f1f1500009600002c010200ffc908005a000000ffc908005a000000ffc908005a000000ffc908005a000000ffc908005a000000ffc908005a0000000700c8000100195a
46,0,1,2,1,1,2,102,0,0,3702,720687,0100500001000000ffc908003f1f1500009600002c010200ffc908005a000000ffc908005a000000ffc908005a000000ffc908005a000000ffc908005a000000ffc908005a0000000700c8000100195a
47,0,1,2,1,1,2,102,0,0,3702,720687,0100500001000000ffc908003f1f1500009600002c010200ffc908005a000000ffc908005a000000ffc908005a000000ffc908005a000000ffc908005a000000ffc908005a0000000700c8000100195a
48,0,1,2,1,1,2,102,0,0,3702,720687,0100500001000000ffc908003f1f1500009600002c010200ffc908005a000000ffc908005a000000ffc908005a000000ffc908005a000000ffc908005a000000ffc908005a0000000700c8000100195a
49,0,1,2,1,1,2,102,0,0,3702,720687,0100500001000000ffc908003f1f1500009600002c010200ffc908005a000000ffc908005a000000ffc908005a000000ffc908005a000000ffc908005a000000ffc908005a0000000700c8000100195a
50,0,1,2,1,1,2,102,0,0,3702,720687,0100500001000000ffc908003f1f1500009600002c010200ffc908005a000000ffc908005a000000ffc908005a000000ffc908005a000000ffc908005a000000ffc908005a0000000700c8000100195a
51,0,1,2,1,1,2,102,0,0,3702,720687,0100500001000000ffc908003f1f1500009600002c010200ffc908005a000000ffc908005a000000ffc908005a000000ffc908005a000000ffc908005a000000ffc908005a0000000700c8000100195a
52,0,1,2,1,1,2,102,0,0,3702,720687,0100500001000000ffc908003f1f1500009600002c010200ffc908005a000000ffc908005a000000ffc908005a000000ffc908005a000000ffc908005a000000ffc908005a0000000700c8000100195a
53,0,1,2,1,1,2,102,0,0,3702,720687,0100500001000000ffc908003f1f1500009600002c010200ffc908005a000000ffc908005a000000ffc908005a000000ffc908005a000000ffc908005a000000ffc908005a0000000700c8000100195a
54,0,1,2,1,1,2,102,0,0,3702,720687,0100500001000000ffc908003f1f1500009600002c010200ffc908005a000000ffc908005a000000ffc908005a000000ffc908005a000000ffc908005a000000ffc908005a0000000700c8000100195a
55,0,1,2,1,1,2,102,0,0,3702,720687,0100500001000000ffc908003f1f1500009600002c010200ffc908005a000000ffc908005a000000ffc908005a000000ffc908005a000000ffc908005a000000ffc908005a0000000700c8000100195a
56,0,1,2,1,1,2,102,0,0,3702,720687,0100500001000000ffc908003f1f1500009600002c010200ffc908005a000000ffc908005a000000ffc908005a000000ffc908005a000000ffc908005a000000ffc908005a0000000700c8000100195a
57,0,1,2,1,1,2,102,0,0,3702,720687,0100500001000000ffc908003f1f1500009600002c010200ffc908005a000000ffc908005a000000ffc908005a000000ffc908005a000000ffc908005a000000ffc908005a0000000700c8000100195a
58,0,1,2,1,1,2,102,0,0,3702,720687,0100500001000000ffc908003f1f1500009600002c010200ffc908005a000000ffc908005a000000ffc908005a000000ffc908005a000000ffc908005a000000ffc908005a0000000700c8000100195a
59,0,1,2,1,1,2,102,0,0,3702,720687,0100500001000000ffc908003f1f1500009600002c010200ffc908005a000000ffc908005a000000ffc908005a000000ffc908005a000000ffc908005a000000ffc908005a0000000700c8000100195a
60,0,1,2,1,1,2,102,0,0,3702,720687,0100500001000000ffc908003f1f1500009600002c010200ffc908005a000000ffc908005a000000ffc908005a000000ffc908005a000000ffc908005a000000ffc908005a0000000700c8000100195a
61,0,1,2,1,1,2,102,0,0,3702,720687,0100500001000000ffc908003f1f1500009600002c010200ffc908005a000000ffc908005a000000ffc908005a000000ffc908005a000000ffc908005a000000ffc908005a0000000700c8000100195a
62,0,1,2,1,1,2,102,0,0,3702,720687,0100500001000000ffc908003f1f1500009600002c010200ffc908005a000000ffc908005a000000ffc908005a000000ffc908005a000000ffc908005a000000ffc908005a0000000700c8000100195a
63,0,1,2,1,1,2,102,0,0,3702,720687,0100500001000000ffc908003f1f1500009600002c010200ffc908005a000000ffc908005a000000ffc908005a000000ffc908005a000000ffc908005a000000ffc908005a0000000700c8000100195a
64,0,1,2,1,1,2,102,0,0,3702,720687,0100500001000000ffc908003f1f1500009600002c010200ffc908005a000000ffc908005a000000ffc908005a000000ffc908005a000000ffc908005a000000ffc908005a0000000700c8000100195a
65,0,1,2,1,1,2,102,0,0,3702,720687,0100500001000000ffc908003f1f1500009600002c010200ffc908005a000000ffc908005a000000ffc908005a000000ffc908005a000000ffc908005a000000ffc908005a0000000700c8000100195a
66,0,1,2,1,1,2,102,0,0,3702,720687,0100500001000000ffc908003f1f1500009600002c010200ffc908005a000000ffc908005a000000ffc908005a000000ffc908005a000000ffc908005a000000ffc908005a0000000700c8000100195a
67,0,1,2,1,1,2,102,0,0,3702,720687,0100500001000000ffc908003f1f1500009600002c010200ffc908005a000000ffc908005a000000ffc908005a000000ffc908005a000000ffc908005a000000ffc908005a0000000700c8000100195a
68,0,1,2,1,1,2,102,0,0,3702,720687,0100500001000000ffc908003f1f1500009600002c010200ffc908005a000000ffc908005a000000ffc908005a000000ffc908005a000000ffc908005a000000ffc908005a0000000700c8000100195a
69,0,1,2,1,1,2,102,0,0,3702,720687,0100500001000000ffc908003f1f1500009600002c010200ffc908005a000000ffc908005a000000ffc908005a000000ffc908005a000000ffc908005a000000ffc908005a0000000700c8000100195a
70,0,1,2,1,1,2,102,0,0,3702,720687,0100500001000000ffc908003f1f1500009600002c010200ffc908005a000000ffc908005a000000ffc908005a000000ffc908005a000000ffc908005a000000ffc908005a0000000700c8000100195a
71,0,1,2,1,1,2,102,0,0,3702,720687,0100500001000000ffc908003f1f1500009600002c010200ffc908005a000000ffc908005a000000ffc908005a000000ffc908005a000000ffc908005a000000ffc908005a0000000700c8000100195a
72,0,1,2,1,1,2,102,0,0,3702,720687,0100500001000000ffc908003f1f1500009600002c010200ffc908005a000000ffc908005a000000ffc908005a000000ffc908005a000000ffc908005a000000ffc908005a0000000700c8000100195a
73,0,1,2,1,1,2,102,0,0,3702,720687,0100500001000000ffc908003f1f1500009600002c010200ffc908005a000000ffc908005a000000ffc908005a000000ffc908005a000000ffc908005a000000ffc908005a0000000700c8000100195a
74,0,1,2,1,1,2,102,0,0,3702,720687,0100500001000000ffc908003f1f1500009600002c010200ffc908005a000000ffc908005a000000ffc908005a000000ffc908005a000000ffc908005a000000ffc908005a0000000700c8000100195a
75,0,1,2,1,1,2,102,0,0,3702,720687,0100500001000000ffc908003f1f1500009600002c010200ffc908005a000000ffc908005a000000ffc908005a000000ffc908005a000000ffc908005a000000ffc908005a0000000700c8000100195a
76,0,1,2,1,1,2,102,0,0,3702,720687,0100500001000000ffc908003f1f1500009600002c010200ffc908005a000000ffc908005a000000ffc908005a000000ffc908005a000000ffc908005a000000ffc908005a0000000700c8000100195a
77,0,1,2,1,1,2,102,0,0,3702,720687,0100500001000000ffc908003f1f1500009600002c010200ffc908005a000000ffc908005a000000ffc908005a000000ffc908005a000000ffc908005a000000ffc908005a0000000700c8000100195a
78,0,1,2,1,1,2,102,0,0,3702,720687,0100500001000000ffc908003f1f1500009600002c010200ffc908005a000000ffc908005a000000ffc908005a000000ffc908005a000000ffc908005a000000ffc908005a0000000700c8000100195a
79,1,1,3,2,0,3,102,0,0,3702,720687,0100500002000000ffff01003f1fffffffffffff2c010200ffff0100ffff0000ffff0100ffff0000ffff0100ffff0000ffff0100ffff0000ffff0100ffff0000ffff0100ffff0000070019000200195a
80,0,1,3,2,1,3,102,0,0,3702,720687,0100500002000000ffff01003f1fffffffffffff2c010200ffff0100ffff0000ffff0100ffff0000ffff0100ffff0000ffff0100ffff0000ffff0100ffff0000ffff0100ffff0000070019000200195a
81,0,1,3,2,1,3,102,0,0,3702,720687,0100500002000000ffff01003f1fffffffffffff2c010200ffff0100ffff0000ffff0100ffff0000ffff0100ffff0000ffff0100ffff0000ffff0100ffff0000ffff0100ffff0000070019000200195a
82,0,1,3,2,1,3,102,0,0,3702,720687,0100500002000000ffff01003f1fffffffffffff2c010200ffff0100ffff0000ffff0100ffff0000ffff0100ffff0000ffff0100ffff0000ffff0100ffff0000ffff0100ffff0000070019000200195a
83,0,1,3,2,1,3,102,0,0,3702,720687,0100500002000000ffff01003f1fffffffffffff2c010200ffff0100ffff0000ffff0100ffff0000ffff0100ffff0000ffff0100ffff0000ffff0100ffff0000ffff0100ffff0000070019000200195a
84,0,1,3,2,1,3,102,0,0,3702,720687,0100500002000000ffff01003f1fffffffffffff2c010200ffff0100ffff0000ffff0100ffff0000ffff0100ffff0000ffff0100ffff0000ffff0100ffff0000ffff0100ffff0000070019000200195a
85,0,1,3,2,1,3,102,0,0,3702,720687,0100500002000000ffff01003f1fffffffffffff2c010200ffff0100ffff0000ffff0100ffff0000ffff0100ffff0000ffff0100ffff0000ffff0100ffff0000ffff0100ffff0000070019000200195a
86,0,1,3,2,1,3,102,0,0,3702,720687,0100500002000000ffff01003f1fffffffffffff2c010200ffff0100ffff0000ffff0100ffff0000ffff0100ffff0000ffff0100ffff0000ffff0100ffff0000ffff0100ffff0000070019000200195a
87,0,1,3,2,1,3,102,0,0,3702,720687,0100500002000000ffff01003f1fffffffffffff2c010200ffff0100ffff0000ffff0100ffff0000ffff0100ffff0000ffff0100ffff0000ffff0100ffff0000ffff0100ffff0000070019000200195a
88,0,1,3,2,1,3,102,0,0,3702,720687,0100500002000000ffff01003f1fffffffffffff2c010200ffff0100ffff0000ffff0100ffff0000ffff0100ffff0000ffff0100ffff0000ffff0100ffff0000ffff0100ffff0000070019000200195a
89,0,1,3,2,1,3,102,0,0,3702,720687,0100500002000000ffff01003f1fffffffffffff2c010200ffff0100ffff0000ffff0100ffff0000ffff0100ffff0000ffff0100ffff0000ffff0100ffff0000ffff0100ffff0000070019000200195a
90,0,1,3,2,1,3,102,0,0,3702,720687,0100500002000000ffff01003f1fffffffffffff2c010200ffff0100ffff0000ffff0100ffff0000ffff0100ffff0000ffff0100ffff0000ffff0100ffff0000ffff0100ffff0000070019000200195a
91,0,1,3,2,1,3,102,0,0,3702,720687,0100500002000000ffff01003f1fffffffffffff2c010200ffff0100ffff0000ffff0100ffff0000ffff0100ffff0000ffff0100ffff0000ffff0100ffff0000ffff0100ffff0000070019000200195a
92,0,1,3,2,1,3,102,0,0,3702,720687,0100500002000000ffff01003f1fffffffffffff2c010200ffff0100ffff0000ffff0100ffff0000ffff0100ffff0000ffff0100ffff0000ffff0100ffff0000ffff0100ffff0000070019000200195a
93,0,1,3,2,1,3,102,0,0,3702,720687,0100500002000000ffff01003f1fffffffffffff2c010200ffff0100ffff0000ffff0100ffff0000ffff0100ffff0000ffff0100ffff0000ffff0100ffff0000ffff0100ffff0000070019000200195a
94,0,1,3,2,1,3,102,0,0,3702,720687,0100500002000000ffff01003f1fffffffffffff2c010200ffff0100ffff0000ffff0100ffff0000ffff0100ffff0000ffff0100ffff0000ffff0100ffff0000ffff0100ffff0000070019000200195a
95,0,1,3,2,1,3,102,0,0,3702,720687,0100500002000000ffff01003f1fffffffffffff2c010200ffff0100ffff0000ffff0100ffff0000ffff0100ffff0000ffff0100ffff0000ffff0100ffff0000ffff0100ffff0000070019000200195a
96,0,1,3,2,1,3,102,0,0,3702,720687,0100500002000000ffff01003f1fffffffffffff2c010200ffff0100ffff0000ffff0100ffff0000ffff0100ffff0000ffff0100ffff0000ffff0100ffff0000ffff0100ffff0000070019000200195a
97,0,1,3,2,1,3,102,0,0,3702,720687,0100500002000000ffff01003f1fffffffffffff2c010200ffff0100ffff0000ffff0100ffff0000ffff0100ffff0000ffff0100ffff0000ffff0100ffff0000ffff0100ffff0000070019000200195a
98,0,1,3,2,1,3,102,0,0,3702,720687,0100500002000000ffff01003f1fffffffffffff2c010200ffff0100ffff0000ffff0100ffff0000ffff0100ffff0000ffff0100ffff0000ffff0100ffff0000ffff0100ffff0000070019000200195a
99,0,1,3,2,1,3,102,0,0,3702,720687,0100500002000000ffff01003f1fffffffffffff2c010200ffff0100ffff0000ffff0100ffff0000ffff0100ffff0000ffff0100ffff0000ffff0100ffff0000ffff0100ffff0000070019000200195a
100,0,1,3,2,1,3,102,0,0,3702,720687,0100500002000000ffff01003f1fffffffffffff2c010200ffff0100ffff0000ffff0100ffff0000ffff0100ffff0000ffff0100ffff0000ffff0100ffff0000ffff0100ffff0000070019000200195a
101,0,1,3,2,1,3,102,0,0,3702,720687,0100500002000000ffff01003f1fffffffffffff2c010200ffff0100ffff0000ffff0100ffff0000ffff0100ffff0000ffff0100ffff0000ffff0100ffff0000ffff0100ffff0000070019000200195a
102,0,1,3,2,1,3,102,0,0,3702,720687,0100500002000000ffff01003f1fffffffffffff2c010200ffff0100ffff0000ffff0100ffff0000ffff0100ffff0000ffff0100ffff0000ffff0100ffff0000ffff0100ffff0000070019000200195a
103,0,1,3,2,1,3,102,0,0,3702,720687,0100500002000000ffff01003f1fffffffffffff2c010200ffff0100ffff0000ffff0100ffff0000ffff0100ffff0000ffff0100ffff0000ffff0100ffff0000ffff0100ffff0000070019000200195a
104,0,1,3,2,1,3,102,0,0,3702,720687,0100500002000000ffff01003f1fffffffffffff2c010200ffff0100ffff0000ffff0100ffff0000ffff0100ffff0000ffff0100ffff0000ffff0100ffff0000ffff0100ffff0000070019000200195a
105,0,1,3,2,1,3,102,0,0,3702,720687,0100500002000000ffff01003f1fffffffffffff2c010200ffff0100ffff0000ffff0100ffff0000ffff0100ffff0000ffff0100ffff0000ffff0100ffff0000ffff0100ffff0000070019000200195a
106,0,1,3,2,1,3,102,0,0,3702,720687,0100500002000000ffff01003f1fffffffffffff2c010200ffff0100ffff0000ffff0100ffff0000ffff0100ffff0000ffff0100ffff0000ffff0100ffff0000ffff0100ffff0000070019000200195a
107,0,1,3,2,1,3,102,0,0,3702,720687,0100500002000000ffff01003f1fffffffffffff2c010200ffff0100ffff0000ffff0100ffff0000ffff0100ffff0000ffff0100ffff0000ffff0100ffff0000ffff0100ffff0000070019000200195a
108,0,1,3,2,1,3,102,0,0,3702,720687,0100500002000000ffff01003f1fffffffffffff2c010200ffff0100ffff0000ffff0100ffff0000ffff0100ffff0000ffff0100ffff0000ffff0100ffff0000ffff0100ffff0000070019000200195a
109,0,1,3,2,1,3,102,0,0,3702,720687,0100500002000000ffff01003f1fffffffffffff2c010200ffff0100ffff0000ffff0100ffff0000ffff0100ffff0000ffff0100ffff0000ffff0100ffff0000ffff0100ffff0000070019000200195a
110,0,1,3,2,1,3,102,0,0,3702,720687,0100500002000000ffff01003f1fffffffffffff2c010200ffff0100ffff0000ffff0100ffff0000ffff0100ffff0000ffff0100ffff0000ffff0100ffff0000ffff0100ffff0000070019000200195a
111,0,1,3,2,1,3,102,0,0,3702,720687,0100500002000000ffff01003f1fffffffffffff2c010200ffff0100ffff0000ffff0100ffff0000ffff0100ffff0000ffff0100ffff0000ffff0100ffff0000ffff0100ffff0000070019000200195a
112,0,1,3,2,1,3,102,0,0,3702,720687,0100500002000000ffff01003f1fffffffffffff2c010200ffff0100ffff0000ffff0100ffff0000ffff0100ffff0000ffff0100ffff0000ffff0100ffff0000ffff0100ffff0000070019000200195a
113,0,1,3,2,1,3,102,0,0,3702,720687,0100500002000000ffff01003f1fffffffffffff2c010200ffff0100ffff0000ffff0100ffff0000ffff0100ffff0000ffff0100ffff0000ffff0100ffff0000ffff0100ffff0000070019000200195a
114,0,1,3,2,1,3,102,0,0,3702,720687,0100500002000000ffff01003f1fffffffffffff2c010200ffff0100ffff0000ffff0100ffff0000ffff0100ffff0000ffff0100ffff0000ffff0100ffff0000ffff0100ffff0000070019000200195a
115,0,1,3,2,1,3,102,0,0,3702,720687,0100500002000000ffff01003f1fffffffffffff2c010200ffff0100ffff0000ffff0100ffff0000ffff0100ffff0000ffff0100ffff0000ffff0100ffff0000ffff0100ffff0000070019000200195a
116,0,1,3,2,1,3,102,0,0,3702,720687,0100500002000000ffff01003f1fffffffffffff2c010200ffff0100ffff0000ffff0100ffff0000ffff0100ffff0000ffff0100ffff0000ffff0100ffff0000ffff0100ffff0000070019000200195a
117,0,1,3,2,1,3,102,0,0,3702,720687,0100500002000000ffff01003f1fffffffffffff2c010200ffff0100ffff0000ffff0100ffff0000ffff0100ffff0000ffff0100ffff0000ffff0100ffff0000ffff0100ffff0000070019000200195a
118,0,1,3,2,1,3,102,0,0,3702,720687,0100500002000000ffff01003f1fffffffffffff2c010200ffff0100ffff0000ffff0100ffff0000ffff0100ffff0000ffff0100ffff0000ffff0100ffff0000ffff0100ffff0000070019000200195a
119,0,1,3,2,1,3,102,0,0,3702,720687,0100500002000000ffff01003f1fffffffffffff2c010200ffff0100ffff0000ffff0100ffff0000ffff0100ffff0000ffff0100ffff0000ffff0100ffff0000ffff0100ffff0000070019000200195a
120,0,1,3,2,1,3,102,0,0,3702,720687,0100500002000000ffff01003f1fffffffffffff2c010200ffff0100ffff0000ffff0100ffff0000ffff0100ffff0000ffff0100ffff0000ffff0100ffff0000ffff0100ffff0000070019000200195a
121,0,1,3,2,1,3,102,0,0,3702,720687,0100500002000000ffff01003f1fffffffffffff2c010200ffff0100ffff0000ffff0100ffff0000ffff0100ffff0000ffff0100ffff0000ffff0100ffff0000ffff0100ffff0000070019000200195a
122,0,1,3,2,1,3,102,0,0,3702,720687,0100500002000000ffff01003f1fffffffffffff2c010200ffff0100ffff0000ffff0100ffff0000ffff0100ffff0000ffff0100ffff0000ffff0100ffff0000ffff0100ffff0000070019000200195a
123,0,1,3,2,1,3,102,0,0,3702,720687,0100500002000000ffff01003f1fffffffffffff2c010200ffff0100ffff0000ffff0100ffff0000ffff0100ffff0000ffff0100ffff0000ffff0100ffff0000ffff0100ffff0000070019000200195a
124,0,1,3,2,1,3,102,0,0,3702,720687,0100500002000000ffff01003f1fffffffffffff2c010200ffff0100ffff0000ffff0100ffff0000ffff0100ffff0000ffff0100ffff0000ffff0100ffff0000ffff0100ffff0000070019000200195a
125,0,1,3,2,1,3,102,0,0,3702,720687,0100500002000000ffff01003f1fffffffffffff2c010200ffff0100ffff0000ffff0100ffff0000ffff0100ffff0000ffff0100ffff0000ffff0100ffff0000ffff0100ffff0000070019000200195a
126,0,1,3,2,1,3,102,0,0,3702,720687,0100500002000000ffff01003f1fffffffffffff2c010200ffff0100ffff0000ffff0100ffff0000ffff0100ffff0000ffff0100ffff0000ffff0100ffff0000ffff0100ffff0000070019000200195a
127,0,1,3,2,1,3,102,0,0,3702,720687,0100500002000000ffff01003f1fffffffffffff2c010200ffff0100ffff0000ffff0100ffff0000ffff0100ffff0000ffff0100ffff0000ffff0100ffff0000ffff0100ffff0000070019000200195a
128,0,1,3,2,1,3,102,0,0,3702,720687,0100500002000000ffff01003f1fffffffffffff2c010200ffff0100ffff0000ffff0100ffff0000ffff0100ffff0000ffff0100ffff0000ffff0100ffff0000ffff0100ffff0000070019000200195a
129,0,1,3,2,1,3,102,0,0,3702,720687,0100500002000000ffff01003f1fffffffffffff2c010200ffff0100ffff0000ffff0100ffff0000ffff0100ffff0000ffff0100ffff0000ffff0100ffff0000ffff0100ffff0000070019000200195a
130,0,1,3,2,1,3,102,0,0,3702,720687,0100500002000000ffff01003f1fffffffffffff2c010200ffff0100ffff0000ffff0100ffff0000ffff0100ffff0000ffff0100ffff0000ffff0100ffff0000ffff0100ffff0000070019000200195a
131,0,1,3,2,1,3,102,0,0,3702,720687,0100500002000000ffff01003f1fffffffffffff2c010200ffff0100ffff0000ffff0100ffff0000ffff0100ffff0000ffff0100ffff0000ffff0100ffff0000ffff0100ffff0000070019000200195a
132,0,1,3,2,1,3,102,0,0,3702,720687,0100500002000000ffff01003f1fffffffffffff2c010200ffff0100ffff0000ffff0100ffff0000ffff0100ffff0000ffff0100ffff0000ffff0100ffff0000ffff0100ffff0000070019000200195a
133,0,1,3,2,1,3,102,0,0,3702,720687,0100500002000000ffff01003f1fffffffffffff2c010200ffff0100ffff0000ffff0100ffff0000ffff0100ffff0000ffff0100ffff0000ffff0100ffff0000ffff0100ffff0000070019000200195a
134,0,1,3,2,1,3,102,0,0,3702,720687,0100500002000000ffff01003f1fffffffffffff2c010200ffff0100ffff0000ffff0100ffff0000ffff0100ffff0000ffff0100ffff0000ffff0100ffff0000ffff0100ffff0000070019000200195a
135,0,1,3,2,1,3,102,0,0,3702,720687,0100500002000000ffff01003f1fffffffffffff2c010200ffff0100ffff0000ffff0100ffff0000ffff0100ffff0000ffff0100ffff0000ffff0100ffff0000ffff0100ffff0000070019000200195a
136,0,1,3,2,1,3,102,0,0,3702,720687,0100500002000000ffff01003f1fffffffffffff2c010200ffff0100ffff0000ffff0100ffff0000ffff0100ffff0000ffff0100ffff0000ffff0100ffff0000ffff0100ffff0000070019000200195a
137,0,1,3,2,1,3,102,0,0,3702,720687,0100500002000000ffff01003f1fffffffffffff2c010200ffff0100ffff0000ffff0100ffff0000ffff0100ffff0000ffff0100ffff0000ffff0100ffff0000ffff0100ffff0000070019000200195a
138,0,1,3,2,1,3,102,0,0,3702,720687,0100500002000000ffff01003f1fffffffffffff2c010200ffff0100ffff0000ffff0100ffff0000ffff0100ffff0000ffff0100ffff0000ffff0100ffff0000ffff0100ffff0000070019000200195a
139,0,1,3,2,1,3,102,0,0,3702,720687,0100500002000000ffff01003f1fffffffffffff2c010200ffff0100ffff0000ffff0100ffff0000ffff0100ffff0000ffff0100ffff0000ffff0100ffff0000ffff0100ffff0000070019000200195a
140,0,1,3,2,1,3,102,0,0,3702,720687,0100500002000000ffff01003f1fffffffffffff2c010200ffff0100ffff0000ffff0100ffff0000ffff0100ffff0000ffff0100ffff0000ffff0100ffff0000ffff0100ffff0000070019000200195a
141,0,1,3,2,1,3,102,0,0,3702,720687,0100500002000000ffff01003f1fffffffffffff2c010200ffff0100ffff0000ffff0100ffff0000ffff0100ffff0000ffff0100ffff0000ffff0100ffff0000ffff0100ffff0000070019000200195a
142,0,1,3,2,1,3,102,0,0,3702,720687,0100500002000000ffff01003f1fffffffffffff2c010200ffff0100ffff0000ffff0100ffff0000ffff0100ffff0000ffff0100ffff0000ffff0100ffff0000ffff0100ffff0000070019000200195a
143,0,1,3,2,1,3,102,0,0,3702,720687,0100500002000000ffff01003f1fffffffffffff2c010200ffff0100ffff0000ffff0100ffff0000ffff0100ffff0000ffff0100ffff0000ffff0100ffff0000ffff0100ffff0000070019000200195a
144,0,1,3,2,1,3,102,0,0,3702,720687,0100500002000000ffff01003f1fffffffffffff2c010200ffff0100ffff0000ffff0100ffff0000ffff0100ffff0000ffff0100ffff0000ffff0100ffff0000ffff0100ffff0000070019000200195a
145,0,1,3,2,1,3,102,0,0,3702,720687,0100500002000000ffff01003f1fffffffffffff2c010200ffff0100ffff0000ffff0100ffff0000ffff0100ffff0000ffff0100ffff0000ffff0100ffff0000ffff0100ffff0000070019000200195a
146,0,1,3,2,1,3,102,0,0,3702,720687,0100500002000000ffff01003f1fffffffffffff2c010200ffff0100ffff0000ffff0100ffff0000ffff0100ffff0000ffff0100ffff0000ffff0100ffff0000ffff0100ffff0000070019000200195a
147,0,1,3,2,1,3,102,0,0,3702,720687,0100500002000000ffff01003f1fffffffffffff2c010200ffff0100ffff0000ffff0100ffff0000ffff0100ffff0000ffff0100ffff0000ffff0100ffff0000ffff0100ffff0000070019000200195a
148,0,1,3,2,1,3,102,0,0,3702,720687,0100500002000000ffff01003f1fffffffffffff2c010200ffff0100ffff0000ffff0100ffff0000ffff0100ffff0000ffff0100ffff0000ffff0100ffff0000ffff0100ffff0000070019000200195a
149,0,1,3,2,1,3,102,0,0,3702,720687,0100500002000000ffff01003f1fffffffffffff2c010200ffff0100ffff0000ffff0100ffff0000ffff0100ffff0000ffff0100ffff0000ffff0100ffff0000ffff0100ffff0000070019000200195a
150,0,1,3,2,1,3,102,0,0,3702,720687,0100500002000000ffff01003f1fffffffffffff2c010200ffff0100ffff0000ffff0100ffff0000ffff0100ffff0000ffff0100ffff0000ffff0100ffff0000ffff0100ffff0000070019000200195a
151,0,1,3,2,1,3,102,0,0,3702,720687,0100500002000000ffff01003f1fffffffffffff2c010200ffff0100ffff0000ffff0100ffff0000ffff0100ffff0000ffff0100ffff0000ffff0100ffff0000ffff0100ffff0000070019000200195a
152,0,1,3,2,1,3,102,0,0,3702,720687,0100500002000000ffff01003f1fffffffffffff2c010200ffff0100ffff0000ffff0100ffff0000ffff0100ffff0000ffff0100ffff0000ffff0100ffff0000ffff0100ffff0000070019000200195a
153,0,1,3,2,1,3,102,0,0,3702,720687,0100500002000000ffff01003f1fffffffffffff2c010200ffff0100ffff0000ffff0100ffff0000ffff0100ffff0000ffff0100ffff0000ffff0100ffff0000ffff0100ffff0000070019000200195a
154,0,1,3,2,1,3,102,0,0,3702,720687,0100500002000000ffff01003f1fffffffffffff2c010200ffff0100ffff0000ffff0100ffff0000ffff0100ffff0000ffff0100ffff0000ffff0100ffff0000ffff0100ffff0000070019000200195a
155,0,1,3,2,1,3,102,0,0,3702,720687,0100500002000000ffff01003f1fffffffffffff2c010200ffff0100ffff0000ffff0100ffff0000ffff0100ffff0000ffff0100ffff0000ffff0100ffff0000ffff0100ffff0000070019000200195a
156,0,1,3,2,1,3,102,0,0,3702,720687,0100500002000000ffff01003f1fffffffffffff2c010200ffff0100ffff0000ffff0100ffff0000ffff0100ffff0000ffff0100ffff0000ffff0100ffff0000ffff0100ffff0000070019000200195a
157,0,1,3,2,1,3,102,0,0,3702,720687,0100500002000000ffff01003f1fffffffffffff2c010200ffff0100ffff0000ffff0100ffff0000ffff0100ffff0000ffff0100ffff0000ffff0100ffff0000ffff0100ffff0000070019000200195a
158,0,1,3,2,1,3,102,0,0,3702,720687,0100500002000000ffff01003f1fffffffffffff2c010200ffff0100ffff0000ffff0100ffff0000ffff0100ffff0000ffff0100ffff0000ffff0100ffff0000ffff0100ffff0000070019000200195a
159,0,1,3,2,1,3,102,0,0,3702,720687,0100500002000000ffff01003f1fffffffffffff2c010200ffff0100ffff0000ffff0100ffff0000ffff0100ffff0000ffff0100ffff0000ffff0100ffff0000ffff0100ffff0000070019000200195a
160,1,1,4,3,0,4,102,0,0,3702,720687,0100500003000000ffff00003f1febff006affff2c010200ffff0000a6ff0000ffff0000a6ff0000ffff0000a6ff0000ffff0000a6ff0000ffff0000a6ff0000ffff0000a6ff0000070019000300195a
161,1,1,5,4,0,5,102,0,0,3702,720687,0100500004000000ffff00003f1febff006affff2c010200ffff0000a6ff0000ffff0000a6ff0000ffff0000a6ff0000ffff0000a6ff0000ffff0000a6ff0000ffff0000a6ff0000070019000400195a
162,1,1,6,5,0,6,102,0,0,3702,720687,0100500005000000ffff00003f1febff006affff2c010200ffff0000a6ff0000ffff0000a6ff0000ffff0000a6ff0000ffff0000a6ff0000ffff0000a6ff0000ffff0000a6ff0000070019000500195a
163,1,1,7,6,0,7,102,0,0,3702,720687,0100500006000000ffff00003f1febff006affff2c010200ffff0000a6ff0000ffff0000a6ff0000ffff0000a6ff0000ffff0000a6ff0000ffff0000a6ff0000ffff0000a6ff0000070019000600195a
164,1,1,8,7,0,8,102,0,0,3702,720687,0100500007000000ffff00003f1febff006affff2c010200ffff0000a6ff0000ffff0000a6ff0000ffff0000a6ff0000ffff0000a6ff0000ffff0000a6ff0000ffff0000a6ff0000070019000700195a
165,1,1,9,8,0,9,102,0,0,3702,720687,0100500008000000ffff00003f1febff006affff2c010200ffff0000a6ff0000ffff0000a6ff0000ffff0000a6ff0000ffff0000a6ff0000ffff0000a6ff0000ffff0000a6ff0000070019000800195a
166,1,1,10,9,0,10,102,0,0,3702,720687,0100500009000000ffff00003f1febff006affff2c010200ffff0000a6ff0000ffff0000a6ff0000ffff0000a6ff0000ffff0000a6ff0000ffff0000a6ff0000ffff0000a6ff0000070019000900195a
167,1,1,11,10,0,11,102,0,0,3702,720687,010050000a000000ffff00003f1febff006affff2c010200ffff0000a6ff0000ffff0000a6ff0000ffff0000a6ff0000ffff0000a6ff0000ffff0000a6ff0000ffff0000a6ff0000070019000a00195a
168,1,1,12,11,0,12,102,0,0,3702,720687,010050000b000000ffff00003f1febff006affff2c010200ffff0000a6ff0000ffff0000a6ff0000ffff0000a6ff0000ffff0000a6ff0000ffff0000a6ff0000ffff0000a6ff0000070019000b00195a
169,1,1,13,12,0,13,102,0,0,3702,720687,010050000c000000ffff00003f1febff006affff2c010200ffff0000a6ff0000ffff0000a6ff0000ffff0000a6ff0000ffff0000a6ff0000ffff0000a6ff0000ffff0000a6ff0000070019000c00195a
170,1,1,14,13,0,14,102,0,0,3702,720687,010050000d000000ffff00003f1febff006affff2c010200ffff0000a6ff0000ffff0000a6ff0000ffff0000a6ff0000ffff0000a6ff0000ffff0000a6ff0000ffff0000a6ff0000070019000d00195a
171,1,1,15,14,0,15,102,0,0,3702,720687,010050000e000000ffff00003f1febff006affff2c010200ffff0000a6ff0000ffff0000a6ff0000ffff0000a6ff0000ffff0000a6ff0000ffff0000a6ff0000ffff0000a6ff0000070019000e00195a
172,1,1,16,15,0,16,102,0,0,3702,720687,010050000f000000ffff00003f1febff006affff2c010200ffff0000a6ff0000ffff0000a6ff0000ffff0000a6ff0000ffff0000a6ff0000ffff0000a6ff0000ffff0000a6ff0000070019000f00195a
173,1,1,17,16,0,17,102,0,0,3702,720687,0100500010000000ffff00003f1febff006affff2c010200ffff0000a6ff0000ffff0000a6ff0000ffff0000a6ff0000ffff0000a6ff0000ffff0000a6ff0000ffff0000a6ff0000070019001000195a
174,1,1,18,17,0,18,102,0,0,3702,720687,0100500011000000ffff00003f1febff006affff2c010200ffff0000a6ff0000ffff0000a6ff0000ffff0000a6ff0000ffff0000a6ff0000ffff0000a6ff0000ffff0000a6ff0000070019001100195a
175,1,1,19,18,0,19,102,0,0,3702,720687,0100500012000000ffff00003f1febff006affff2c010200ffff0000a6ff0000ffff0000a6ff0000ffff0000a6ff0000ffff0000a6ff0000ffff0000a6ff0000ffff0000a6ff0000070019001200195a
176,1,1,20,19,0,20,102,0,0,3702,720687,0100500013000000ffff00003f1febff006affff2c010200ffff0000a6ff0000ffff0000a6ff0000ffff0000a6ff0000ffff0000a6ff0000ffff0000a6ff0000ffff0000a6ff0000070019001300195a
177,1,1,21,20,0,21,102,0,0,3702,720687,0100500014000000ffff00003f1febff006affff2c010200ffff0000a6ff0000ffff0000a6ff0000ffff0000a6ff0000ffff0000a6ff0000ffff0000a6ff0000ffff0000a6ff0000070019001400195a
178,1,1,22,21,0,22,102,0,0,3702,720687,0100500015000000ffff00003f1febff006affff2c010200ffff0000a6ff0000ffff0000a6ff0000ffff0000a6ff0000ffff0000a6ff0000ffff0000a6ff0000ffff0000a6ff0000070019001500195a
179,1,1,23,22,0,23,102,0,0,3702,720687,0100500016000000ffff00003f1febff006affff2c010200ffff0000a6ff0000ffff0000a6ff0000ffff0000a6ff0000ffff0000a6ff0000ffff0000a6ff0000ffff0000a6ff0000070019001600195a
180,0,1,23,22,1,23,102,0,0,3702,720687,0100500016000000ffff00003f1febff006affff2c010200ffff0000a6ff0000ffff0000a6ff0000ffff0000a6ff0000ffff0000a6ff0000ffff0000a6ff0000ffff0000a6ff0000070019001600195a
181,1,1,24,23,0,24,102,0,0,3702,720687,0100500017000000ffff00003f1febff006affff2c010200ffff0000a6ff0000ffff0000a6ff0000ffff0000a6ff0000ffff0000a6ff0000ffff0000a6ff0000ffff0000a6ff0000070019001700195a
182,0,1,24,23,1,24,102,0,0,3702,720687,0100500017000000ffff00003f1febff006affff2c010200ffff0000a6ff0000ffff0000a6ff0000ffff0000a6ff0000ffff0000a6ff0000ffff0000a6ff0000ffff0000a6ff0000070019001700195a
183,1,0,25,65534,0,0,102,0,0,3702,720687,01005000feff0000ffff00003f1febff006affff2c010200ffff0000a6ff0000ffff0000a6ff0000ffff0000a6ff0000ffff0000a6ff0000ffff0000a6ff0000ffff0000a6ff000007001900feff195a
184,1,1,26,0,0,1,102,0,0,3702,720687,0100500000000000ffff00003f1febff006affff2c010200ffff0000a6ff0000ffff0000a6ff0000ffff0000a6ff0000ffff0000a6ff0000ffff0000a6ff0000ffff0000a6ff0000070019000000195a
185,1,1,1,0,0,1,101,0,0,3699,720579,0100500000000000ffff00003f1febff006affff2c010200ffff0000a6ff0000ffff0000a6ff0000ffff0000a6ff0000ffff0000a6ff0000ffff0000a6ff0000ffff0000a6ff0000070019000000195a
186,1,1,1,0,0,1,106,0,0,3706,720751,0100500000000000400100004001f2fffeb9ffffa0000000983f0000d3ff0000e862000000000000388600002d00000010a90000d3ff000060cc000000000000b0ef00002d00000000003c000000195a
187,1,1,2,1,0,2,106,0,0,3706,720751,0100500001000000400100004001f2fffeb9ffffa0000000983f0000d3ff0000e862000000000000388600002d00000010a90000d3ff000060cc000000000000b0ef00002d00000000003c000100195a
188,1,1,3,2,0,3,106,0,0,3706,720751,0100500002000000400100004001f2fffeb9ffffa0000000983f0000d3ff0000e862000000000000388600002d00000010a90000d3ff000060cc000000000000b0ef00002d00000000003c000200195a
189,1,1,4,3,0,4,106,0,0,3706,720751,0100500003000000400100004001f2fffeb9ffffa0000000983f0000d3ff0000e862000000000000388600002d00000010a90000d3ff000060cc000000000000b0ef00002d00000000003c000300195a
190,1,1,1,0,0,1,106,0,0,3706,720751,0100500000000000400100004001f2fffeb9ffffa0000000983f0000d3ff0000e862000000000000388600002d00000010a90000d3ff000060cc000000000000b0ef00002d00000000003c000000195a
191,1,1,2,1,0,2,106,0,0,3706,720751,0100500001000000400100004001f2fffeb9ffffa0000000983f0000d3ff0000e862000000000000388600002d00000010a90000d3ff000060cc000000000000b0ef00002d00000000003c000100195a
192,1,1,3,2,0,3,106,0,0,3706,720751,0100500002000000400100004001f2fffeb9ffffa0000000983f0000d3ff0000e862000000000000388600002d00000010a90000d3ff000060cc000000000000b0ef00002d00000000003c000200195a
193,1,1,4,3,0,4,106,0,0,3706,720751,0100500003000000400100004001f2fffeb9ffffa0000000983f0000d3ff0000e862000000000000388600002d00000010a90000d3ff000060cc000000000000b0ef00002d00000000003c000300195a
194,1,1,1,0,0,1,106,0,0,3706,720751,0100500000000000400100004001f2fffeb9ffffa0000000983f0000d3ff0000e862000000000000388600002d00000010a90000d3ff000060cc000000000000b0ef00002d00000000003c000000195a
195,1,1,2,1,0,2,106,0,0,3706,720751,0100500001000000400100004001f2fffeb9ffffa0000000983f0000d3ff0000e862000000000000388600002d00000010a90000d3ff000060cc000000000000b0ef00002d00000000003c000100195a
196,1,1,3,2,0,3,106,0,0,3706,720751,0100500002000000400100004001f2fffeb9ffffa0000000983f0000d3ff0000e862000000000000388600002d00000010a90000d3ff000060cc000000000000b0ef00002d00000000003c000200195a
197,1,1,4,3,0,4,106,0,0,3706,720751,0100500003000000400100004001f2fffeb9ffffa0000000983f0000d3ff0000e862000000000000388600002d00000010a90000d3ff000060cc000000000000b0ef00002d00000000003c000300195a
