kind,ordinal,begin_ns,end_ns
1,0,88515311189697,88515318121420
0,0,88515311187087,88515334503882
1,1,88517560872966,88517560873856
0,1,88517560872276,88517565361512
1,2,88517591606911,88517591607101
0,2,88517591606891,88517601753406
1,3,88517617782290,88517617782450
0,3,88517617782220,88517633078758
1,4,88517673842499,88517673842529
0,4,88517673842449,88517684575471
1,5,88517700757204,88517700757344
0,5,88517700757134,88517715535575
1,6,88517728766524,88517736086885
0,6,88517728766434,88517751578462
1,7,88517760470424,88517767062598
0,7,88517760470354,88517782537695
1,8,88517791557807,88517803319594
0,8,88517791557777,88517818786511
1,9,88517827374735,88517834375877
0,9,88517827374665,88517849761054
1,10,88517859697431,88517865238041
0,10,88517859697251,88517886243728
1,11,88517895576718,88517901730915
0,11,88517895576648,88517917207972
1,12,88517926706991,88517932686219
0,12,88517926706731,88517948344745
1,13,88517957696185,88517969129243
0,13,88517957696115,88517984600240
1,14,88517994773486,88518000062427
0,14,88517994773466,88518015539524
1,15,88518025394991,88518036102594
0,15,88518025394871,88518051573820
1,16,88518061496607,88518067004108
0,16,88518061496577,88518082468785
1,17,88518091429346,88518103020184
0,17,88518091429296,88518118488921
1,18,88518126783147,88518133989878
0,18,88518126783117,88518149480815
1,19,88518158479086,88518164996871
0,19,88518158479056,88518185916359
1,20,88518195302469,88518201405286
0,20,88518195302399,88518216879033
1,21,88518227738835,88518232374140
0,21,88518227738815,88518252923849
1,22,88518262422988,88518268721784
0,22,88518262422958,88518284193861
1,23,88518292390207,88518299676078
0,23,88518292390167,88518315157395
1,24,88518322820224,88518335692645
0,24,88518322820104,88518351222411
1,25,88518358574942,88518366729498
0,25,88518358574902,88518382255465
1,26,88518389619655,88518402853784
0,26,88518389619535,88518418694469
1,27,88518425380493,88518434208566
0,27,88518425380453,88518449749962
1,28,88518456692245,88518465276279
0,28,88518456692215,88518485821918
1,29,88518492754821,88518501663283
0,29,88518492754791,88518517150180
1,30,88518523734885,88518532728037
0,30,88518523734725,88518553282256
1,31,88518559313974,88518568755433
0,31,88518559313824,88518584237100
1,32,88518590771045,88518599715947
0,32,88518590771025,88518615179544
1,33,88518621598709,88518635681844
0,33,88518621598689,88518651107891
1,34,88518657712505,88518666557878
0,34,88518657712475,88518682009535
1,35,88518688637199,88518702546985
0,35,88518688637119,88518718054901
1,36,88518725426612,88518733530158
0,36,88518725426542,88518749005095
1,37,88518756406135,88518769556745
0,37,88518756406065,88518785196421
1,38,88518792706460,88518800695037
0,38,88518792706390,88518816165814
1,39,88518824620849,88518831657541
0,39,88518824620749,88518852219791
1,40,88518860400327,88518867701538
0,40,88518860400257,88518883169595
1,41,88518891511750,88518898651862
0,41,88518891511620,88518919166071
1,42,88518927546686,88518934665518
0,42,88518927546606,88518950111445
1,43,88518959722504,88518965554632
0,43,88518959722474,88518986062942
1,44,88518995306802,88519001523669
0,44,88518995306782,88519016970046
1,45,88519025380271,88519032484123
0,45,88519025380251,88519048313348
1,46,88519057840517,88519069226785
0,46,88519057840437,88519084735212
1,47,88519094472560,88519100248859
0,47,88519094472480,88519115771925
1,48,88519125647632,88519136467004
0,48,88519125647542,88519152054241
1,49,88519160605295,88519167437758
0,49,88519160605225,88519182976395
1,50,88519191593848,88519198512151
0,50,88519191593768,88519219426639
1,51,88519227839784,88519235318443
0,51,88519227839744,88519251139128
1,52,88519259824092,88519266643715
0,52,88519259824032,88519282160562
1,53,88519291827830,88519302688732
0,53,88519291827780,88519318177528
1,54,88519326495684,88519333643565
0,54,88519326495624,88519349124452
1,55,88519357667186,88519369738982
0,55,88519357667116,88519385229188
1,56,88519393719203,88519400716785
0,56,88519393719143,88519416197322
1,57,88519424757716,88519431657559
0,57,88519424757666,88519452257168
1,58,88519459648169,88519467724495
0,58,88519459648139,88519483177572
1,59,88519490790522,88519498640419
0,59,88519490790502,88519519197559
1,60,88519526714339,88519534679936
0,60,88519526714279,88519550005094
1,61,88519557695002,88519565464460
0,61,88519557694972,88519585988680
1,62,88519593601959,88519601502407
0,62,88519593601919,88519616971104
1,63,88519624330294,88519632451011
0,63,88519624330254,88519653079800
1,64,88519660703569,88519668551437
0,64,88519660703539,88519684007654
1,65,88519692364849,88519699518611
0,65,88519692364829,88519715248186
1,66,88519722501187,88519735830126
0,66,88519722500937,88519751344142
1,67,88519758787452,88519766841739
0,67,88519758787422,88519782351396
# complete
